Qty,Vintage,Size,wine_description, identifier 
4,2013,750ml,Aile d'Argent de Mouton Rothschild , Aile d'Argent de Mouton Rothschild 2013 (90-92WA) (750ML) 
3,2008,750ml,Aloft Cabernet Sauvignon , Aloft Cabernet Sauvignon 2008 (750ML) 
3,2009,750ml,Aloxe-Corton Le Suchot Simon Bize , Aloxe-Corton Le Suchot Simon Bize 2009 (90 JG) (750ml) 
2,2011,750ml,Altamura Napa Valley Cabernet Sauvignon , Altamura Napa Valley Cabernet Sauvignon 2011 (750ML) 
1,2009,750ml,Alter Ego de Palmer , Alter Ego de Palmer 2009 (750ML) 
2,1830,500ML,Alvear Pedro Ximenez Solera , Alvear Pedro Ximenez Solera 1830 (500ML) 
1,2008,750ml,Alzero Quintarelli , Alzero Quintarelli 2008 (750ML) 
1,2006,750ml,Amarone della Valpolicella Classico Bertani , Amarone della Valpolicella Classico Bertani 2006 (750ML) 
6,2008,750ml,Amarone della Valpolicella Dal Forno Romano , Amarone della Valpolicella Dal Forno Romano 2008 (750ML) 
4,2008,750ml,Amarone della Valpolicella Dal Forno Romano , Amarone della Valpolicella Dal Forno Romano 2008 (750ML) 
1,2011,750ml,Amarone della Valpolicella Dal Forno Romano , Amarone della Valpolicella Dal Forno Romano 2011 (750ML) 
1,2004,750ml,Amuse Bouche Red , Amuse Bouche Red 2004 (750ML) 
1,2004,750ml,Amuse Bouche Red , Amuse Bouche Red 2004 (750ML) 
4,2013,750ml,Araujo Estate Altagracia Cabernet Sauvignon , Araujo Estate Altagracia Cabernet Sauvignon 2013 (750ML) 
1,2007,750ml,Araujo Estate Altagracia Red , Araujo Estate Altagracia Red 2007 (750ML) 
3,2010,750ml,Araujo Estate Altagracia Red , Araujo Estate Altagracia Red 2010 (750ML) 
2,1997,750ml,Araujo Estate Eisele Vineyard Cabernet Sauvignon , Araujo Estate Eisele Vineyard Cabernet Sauvignon 1997 (750ML) 
6,2001,750ml,Araujo Estate Eisele Vineyard Cabernet Sauvignon , Araujo Estate Eisele Vineyard Cabernet Sauvignon 2001 (750ML) 
5,2002,750ml,Araujo Estate Eisele Vineyard Cabernet Sauvignon , Araujo Estate Eisele Vineyard Cabernet Sauvignon 2002 (750ML) 
1,2007,750ml,Araujo Estate Eisele Vineyard Cabernet Sauvignon , Araujo Estate Eisele Vineyard Cabernet Sauvignon 2007 (750ML) 
5,2009,750ml,Araujo Estate Eisele Vineyard Cabernet Sauvignon , Araujo Estate Eisele Vineyard Cabernet Sauvignon 2009 (750ML) 
1,2012,750ml,Araujo Estate Eisele Vineyard Cabernet Sauvignon , Araujo Estate Eisele Vineyard Cabernet Sauvignon 2012 (750ML) 
3,2012,750ml,Araujo Estate Eisele Vineyard Cabernet Sauvignon , Araujo Estate Eisele Vineyard Cabernet Sauvignon 2012 (750ML) 
1,1986,750ml,Ausone , Ausone 1986 (750ml) 
1,2012,750ml,Ausone , Ausone 2012 (750ML) 
1,2007,750ml,Barbaresco Pora Riserva Produttori del Barbaresco , Barbaresco Pora Riserva  Produttori del Barbaresco 2007 (750ml) 
2,2010,1.5L,Barbera d`Alba Riserva Pozzo dell`Annunziata Roberto Voerzio , Barbera d`Alba Riserva Pozzo dell`Annunziata Roberto Voerzio 2010 (1.5L) 
1,1990,1.5L,Barolo Bric Del Fiasc Scavino , Barolo Bric Del Fiasc Scavino 1990 (1.5L) 
2,2010,750ml,Barolo Bricco delle Viole G.D. Vajra , Barolo Bricco delle Viole G.D. Vajra 2010 (750ML) 
1,2008,750ml,Barolo Ginestra Casa Mate Elio Grasso , Barolo Ginestra Casa Mate Elio Grasso 2008 (750ML) 
3,2010,750ml,Barolo Ginestra Paolo Conterno , Barolo Ginestra Paolo Conterno 2010 (750ML) 
4,2010,750ml,Barolo Mosconi Chiara Boschis E. Pira , Barolo Mosconi Chiara Boschis E. Pira 2010 (95AG/94WA) (750ML) 
4,2013,750ml,Barolo Mosconi Chiara Boschis E. Pira , Barolo Mosconi Chiara Boschis E. Pira 2013 (94AG) (750ML) 
2,2011,750ml,Barolo Ornato Pio Cesare , Barolo Ornato Pio Cesare 2011 (97JS) (750ML) 
1,2005,750ml,Barolo Otin Fiorin-Pie Rupestris Nebioli Cappellano , Barolo Otin Fiorin-Pie Rupestris Nebioli Cappellano 2005 (750ML) 
1,2010,750ml,Barolo Pie Rupestris Cappellano , Barolo Pie Rupestris Cappellano 2010 (750ML) 
1,2004,750ml,Barolo Riserva Fossati Case Nere 10 Anni Roberto Voerzio , Barolo Riserva Fossati Case Nere 10 Anni Roberto Voerzio 2004  (750ML) 
1,2006,750ml,Barolo Riserva Vignolo Cavallotto , Barolo Riserva Vignolo Cavallotto 2006 (750ML) 
6,2011,750ml,Barolo Riva del Bric Paolo Conterno , Barolo Riva del Bric Paolo Conterno 2011 (97JS) (750ML) 
1,2007,750ml,Barolo Serralunga d'Alba Fontanafredda , Barolo Serralunga d'Alba Fontanafredda 2007 (750ML) 
1,2008,750ml,Barolo Via Nuova E. Pira Chiara Boschis , Barolo Via Nuova E. Pira Chiara Boschis 2008 (750ML) 
3,2010,750ml,Batailley , Batailley 2010 (94JS) (750ML) 
6,2012,750ml,"Beaune 1er Cru ""153rd Anniversary Cuvee"" Louis Jadot "," Beaune 1er Cru ""153rd Anniversary Cuvee"" Louis Jadot 2012 (750ML) "
5,2011,750ml,Beaune Clos des Mouches Rouge Joseph Drouhin , Beaune Clos des Mouches Rouge Joseph Drouhin 2011 (750ML) 
1,2011,750ml,Beaune Clos des Mouches Rouge Joseph Drouhin , Beaune Clos des Mouches Rouge Joseph Drouhin 2011 (750ML) 
1,2005,750ml,Beaune Clos des Mouches Rouge Ouvree des Dames Joseph Drouhin , Beaune Clos des Mouches Rouge Ouvree des Dames Joseph Drouhin 2005 (750ML) 
6,2018,750ml,Beaune Les Greves Dominique Lafon , Beaune Les Greves Dominique Lafon 2018 (750ML) 
3,1999,750ml,Beaune Les Pertuizots Bouzereau , Beaune Les Pertuizots Bouzereau 1999 (750ML) 
6,2015,750ml,Bellevue , Bellevue 2015 (750ML) 
2,2003,750ml,Bellevue Mondotte , Bellevue Mondotte 2003 (750ML) 
1,2005,1.5L,Bellevue Mondotte , Bellevue Mondotte 2005 (1.5L) 
1,1997,750ml,Beringer Vineyards Private Reserve Cabernet Sauvignon , Beringer Vineyards Private Reserve Cabernet Sauvignon 1997 (750ML) 
1,2002,750ml,Beringer Vineyards Private Reserve Cabernet Sauvignon , Beringer Vineyards Private Reserve Cabernet Sauvignon 2002 (750ML) 
1,2003,750ml,Beringer Vineyards Private Reserve Cabernet Sauvignon , Beringer Vineyards Private Reserve Cabernet Sauvignon 2003 (750ML) 
1,2010,750ml,Beychevelle , Beychevelle 2010 (750ML) 
2,NV,750ml,Billecart Salmon Brut Rose NV, Billecart Salmon Brut Rose NV (750ML) 
9,NV,750ml,Billecart Salmon Brut Rose NV, Billecart Salmon Brut Rose NV (750ML) 
1,2002,1.5L,Billecart Salmon Cuvee Nicolas Francois Billecart , Billecart Salmon Cuvee Nicolas Francois Billecart 2002 (1.5L) 
8,2002,750ml,Billecart Salmon Cuvee Nicolas Francois Billecart , Billecart Salmon Cuvee Nicolas Francois Billecart 2002 (750ML) 
9,2008,750ml,Billecart Salmon Extra Brut , Billecart Salmon Extra Brut 2008 (750ML) 
3,2007,750ml,Black Stallion Bucephalus Red , Black Stallion Bucephalus Red 2007 (750ML) 
2,1955,375ml,Bodegas Toro Albala Don PX Convento Seleccion , Bodegas Toro Albala Don PX Convento Seleccion 1955 (375ML) 
2,1955,375ml,Bodegas Toro Albala Don PX Convento Seleccion , Bodegas Toro Albala Don PX Convento Seleccion 1955 (375ML) 
1,1910,750ml,Bodegas Toro Albala Don PX Gines Liebana , Bodegas Toro Albala Don PX Gines Liebana 1910 (750ML) 
1,1949,750ml,Bodegas Toro Albala Don PX Seleccion , Bodegas Toro Albala Don PX Seleccion 1949 (750ML) 
1,2008,750ml,Bollinger Grande Annee , Bollinger Grande Annee 2008 (750ML) 
5,2002,750ml,Bollinger RD , Bollinger RD 2002 (750ML) 
1,2002,750ml,Bollinger RD , Bollinger RD 2002 (750ML) 
1,2002,750ml,Bond Melbury Napa Valley Red , Bond Melbury Napa Valley Red 2002 (750ML) 
2,2006,750ml,Bond Melbury Napa Valley Red , Bond Melbury Napa Valley Red 2006 (750ML) 
1,2010,750ml,Bond Melbury Napa Valley Red , Bond Melbury Napa Valley Red 2010 (750ML) 
1,2013,750ml,Bond Melbury Napa Valley Red , Bond Melbury Napa Valley Red 2013 (750ML) 
1,2004,750ml,Bond Pluribus Napa Valley Red , Bond Pluribus Napa Valley Red 2004 (750ML) 
3,2006,750ml,Bond Pluribus Napa Valley Red , Bond Pluribus Napa Valley Red 2006 (750ML) 
1,2007,750ml,Bond Pluribus Napa Valley Red , Bond Pluribus Napa Valley Red 2007 (750ML) 
1,2013,750ml,Bond Pluribus Napa Valley Red , Bond Pluribus Napa Valley Red 2013 (750ML) 
1,2002,750ml,Bond St. Eden Napa Valley Red , Bond St. Eden Napa Valley Red 2002 (750ML) 
3,2006,750ml,Bond St. Eden Napa Valley Red , Bond St. Eden Napa Valley Red 2006 (750ML) 
2,2010,750ml,Bond St. Eden Napa Valley Red , Bond St. Eden Napa Valley Red 2010 (750ML) 
1,2013,750ml,Bond St. Eden Napa Valley Red , Bond St. Eden Napa Valley Red 2013 (750ML) 
1,2018,1.5L,Bonnes Mares Comte Georges de Vogue , Bonnes Mares Comte Georges de Vogue 2018 (1.5L) 
2,1996,750ml,Bonnes Mares Louis Jadot , Bonnes Mares Louis Jadot 1996 (750ML) 
8,1996,750ml,Bonnes Mares Louis Jadot , Bonnes Mares Louis Jadot 1996 (750ML) 
1,2004,6L,Bonnes Mares Louis Jadot , Bonnes Mares Louis Jadot 2004 (6L) 
2,1999,750ml,Bonnes Mares Moine-Hudelot , Bonnes Mares Moine-Hudelot 1999 (750ML) 
3,2004,750ml,Bonnes Mares Pascal Lachaux , Bonnes Mares Pascal Lachaux 2004 (750ML) 
5,2015,750ml,Bourgogne Blanc Francois Carillon , Bourgogne Blanc Francois Carillon 2015 (750ML) 
7,2014,750ml,Bourgogne Blanc Maison Leroy , Bourgogne Blanc Maison Leroy 2014 (750ML) 
2,2014,750ml,Bourgogne Blanc Maison Leroy , Bourgogne Blanc Maison Leroy 2014 (750ML) 
1,2015,750ml,Bourgogne Rouge Maison Leroy , Bourgogne Rouge Maison Leroy 2015 (750ML) 
4,2016,750ml,Branaire Ducru , Branaire Ducru 2016 (750ML) 
11,2005,750ml,Brane Cantenac , Brane Cantenac 2005 (750ML) 
2,2016,750ml,Brane Cantenac , Brane Cantenac 2016 (750ML) 
6,2009,750ml,Branon , Branon 2009 (750ML) 
2,2010,750ml,Branon , Branon 2010 (750ML) 
9,2011,750ml,Brunello di Montalcino Annata Biondi Santi , Brunello di Montalcino Annata Biondi Santi 2011 (750ML) 
2,2011,750ml,Brunello di Montalcino Annata Biondi Santi , Brunello di Montalcino Annata Biondi Santi 2011 (750ML) 
7,2010,750ml,Brunello di Montalcino Argiano , Brunello di Montalcino Argiano 2010 (98JS) (750ML) 
6,2010,750ml,Brunello di Montalcino Biondi Santi , Brunello di Montalcino Biondi Santi 2010 (750ML) 
4,2010,750ml,Brunello di Montalcino Castelgiocondo Frescobaldi , Brunello di Montalcino Castelgiocondo Frescobaldi 2010 (750ML) 
1,1997,1.5L,Brunello di Montalcino Castelgiocondo Riserva Frescobaldi , Brunello di Montalcino Castelgiocondo Riserva Frescobaldi 1997 (1.5L) 
6,2010,750ml,Brunello di Montalcino Castiglion del Bosco , Brunello di Montalcino Castiglion del Bosco 2010 (96JS) (750ML) 
5,2011,750ml,Brunello di Montalcino Cerbaiona di Diego Molinari , Brunello di Montalcino Cerbaiona di Diego Molinari 2011 (750ML) 
1,2006,750ml,Brunello di Montalcino Col d'Orcia , Brunello di Montalcino Col d'Orcia 2006 (750ML) 
1,1997,750ml,Brunello di Montalcino Fanti , Brunello di Montalcino Fanti 1997 (750ML) 
6,2010,750ml,Brunello di Montalcino Fuligni , Brunello di Montalcino Fuligni 2010 (750ML) 
21,2010,750ml,Brunello di Montalcino Helichrysum San Polino , Brunello di Montalcino Helichrysum San Polino 2010 (100JS) (750ML) 
6,2010,750ml,Brunello di Montalcino I Cipressi , Brunello di Montalcino I Cipressi 2010 (96JS) (750ML) 
6,2011,750ml,Brunello di Montalcino Il Marroneto , Brunello di Montalcino Il Marroneto 2011 (750ML) 
6,2011,750ml,Brunello di Montalcino Le Potazzine Gorelli , Brunello di Montalcino Le Potazzine Gorelli 2011 (750ML) 
4,2010,750ml,Brunello di Montalcino Le Ragnaie , Brunello di Montalcino Le Ragnaie 2010 (750ML) 
6,2007,750ml,Brunello di Montalcino Madonna delle Grazie Il Marroneto , Brunello di Montalcino Madonna delle Grazie Il Marroneto 2007 (96WA) (750ML) 
3,2010,750ml,Brunello di Montalcino Pertimali Livio Sassetti , Brunello di Montalcino Pertimali Livio Sassetti 2010 (750ML) 
1,2010,750ml,Brunello di Montalcino Pertimali Livio Sassetti , Brunello di Montalcino Pertimali Livio Sassetti 2010 (750ML) 
2,1997,750ml,Brunello di Montalcino Pian Delle Vigne Antinori , Brunello di Montalcino Pian Delle Vigne Antinori 1997 (750ML) 
2,2010,750ml,Brunello di Montalcino Pianrosso Ciacci Piccolomini , Brunello di Montalcino Pianrosso Ciacci Piccolomini 2010 (750ML) 
5,2011,750ml,Brunello di Montalcino Poggio San Polo , Brunello di Montalcino Poggio San Polo 2011 (750ML) 
4,2010,750ml,Brunello di Montalcino Prime Donne Cinelli Colombini , Brunello di Montalcino Prime Donne Cinelli Colombini 2010 (93WA) (750ML) 
1,2010,750ml,Brunello di Montalcino Ripe al Convento Riserva Castelgiocondo Frescobaldi , Brunello di Montalcino Ripe al Convento Riserva Castelgiocondo Frescobaldi 2010 (750ML) 
11,2010,750ml,Brunello di Montalcino Ripe al Convento Riserva Castelgiocondo Frescobaldi , Brunello di Montalcino Ripe al Convento Riserva Castelgiocondo Frescobaldi 2010 (750ML) 
12,2010,750ml,Brunello di Montalcino Riserva Assunto Bellaria , Brunello di Montalcino Riserva Assunto Bellaria 2010 (100JS) (750ML) 
8,2010,750ml,Brunello di Montalcino Riserva Assunto Bellaria , Brunello di Montalcino Riserva Assunto Bellaria 2010 (100JS) (750ML) 
3,2010,750ml,Brunello di Montalcino Riserva Assunto Bellaria , Brunello di Montalcino Riserva Assunto Bellaria 2010 (100JS) (750ML) 
8,2010,750ml,Brunello di Montalcino Riserva Campogiovanni Il Quercione San Felice , Brunello di Montalcino Riserva Campogiovanni Il Quercione San Felice 2010 (750ML) 
4,2010,750ml,Brunello di Montalcino Riserva Campogiovanni Il Quercione San Felice , Brunello di Montalcino Riserva Campogiovanni Il Quercione San Felice 2010 (750ML) 
3,2004,1.5L,Brunello di Montalcino Riserva Case Basse Soldera , Brunello di Montalcino Riserva Case Basse Soldera 2004 (1.5L) 
6,2010,750ml,Brunello di Montalcino Riserva Cordella , Brunello di Montalcino Riserva Cordella 2010 (750ML) 
5,2010,750ml,Brunello di Montalcino Riserva Lisini , Brunello di Montalcino Riserva Lisini 2010 (96IWR) (750ML) 
2,2004,750ml,Brunello di Montalcino Riserva Madonna Del Piano Valdicava , Brunello di Montalcino Riserva Madonna Del Piano Valdicava 2004 (750ML) 
2,2007,750ml,Brunello di Montalcino Riserva Madonna Del Piano Valdicava , Brunello di Montalcino Riserva Madonna Del Piano Valdicava 2007 (98JS/98WE) (750ML) 
21,2010,750ml,Brunello di Montalcino Riserva Pertimali Livio Sassetti , Brunello di Montalcino Riserva Pertimali Livio Sassetti 2010 (750ML) 
7,2010,750ml,Brunello di Montalcino Riserva Pianrosso Catarina d`Oro Ciacci Piccolomini , Brunello di Montalcino Riserva Pianrosso Catarina d`Oro Ciacci Piccolomini 2010 (750ML) 
1,2010,750ml,Brunello di Montalcino Riserva Pianrosso St. Caterina Ciacci Piccolomini d'Aragona , Brunello di Montalcino Riserva Pianrosso St. Caterina Ciacci Piccolomini d'Aragona 2010 (750ML 
1,2010,750ml,Brunello di Montalcino Riserva Pianrosso St. Caterina Ciacci Piccolomini d'Aragona , Brunello di Montalcino Riserva Pianrosso St. Caterina Ciacci Piccolomini d'Aragona 2010 (750ML 
7,2010,750ml,Brunello di Montalcino Riserva Poggio San Polo , Brunello di Montalcino Riserva Poggio San Polo 2010 (750ML) 
4,2010,750ml,Brunello di Montalcino Riserva Poggio San Polo , Brunello di Montalcino Riserva Poggio San Polo 2010 (750ML) 
8,2010,750ml,Brunello di Montalcino Riserva Uccelliera , Brunello di Montalcino Riserva Uccelliera 2010 (98JS/98WA) (750ML) 
4,2010,750ml,Brunello di Montalcino Riserva Uccelliera , Brunello di Montalcino Riserva Uccelliera 2010 (98JS/98WA) (750ML) 
5,2011,750ml,Brunello di Montalcino Siro Pacenti , Brunello di Montalcino Siro Pacenti 2011 (97JS) (750ML) 
12,2010,750ml,Brunello di Montalcino Valdicava , Brunello di Montalcino Valdicava 2010 (750ML) 
2,2002,750ml,Bruno Paillard Nec Plus Ultra , Bruno Paillard Nec Plus Ultra 2002 (750ML) 
1,NV,750ml,Bruno Paillard Premier Cuvee NV, Bruno Paillard Premier Cuvee NV (92JG) (750ML) 
1,2012,750ml,Cakebread Dancing Bear Ranch Cabernet Sauvignon , Cakebread Dancing Bear Ranch Cabernet Sauvignon 2012 (750ML) 
5,1995,750ml,Calon Segur , Calon Segur 1995 (750ML) 
1,2010,750ml,Camarcanda Ca Marcanda Gaja , Camarcanda Ca Marcanda Gaja 2010 (95WS) (750ML) 
1,2000,750ml,Canon , Canon 2000 (750ML) 
6,2015,750ml,Canon , Canon 2015 (750ML) 
3,2015,750ml,Canon , Canon 2015 (750ML) 
6,2015,750ml,Canon , Canon 2015 (750ML) 
4,2015,750ml,Canon La Gaffeliere , Canon La Gaffeliere 2015 (750ML) 
3,2015,750ml,Cantenac Brown , Cantenac Brown 2015 (750ML) 
1,2010,750ml,Carruades de Lafite , Carruades de Lafite 2010 (95JS) (750ML) 
1,2012,750ml,Caymus Vineyards 40th Anniversary Cabernet Sauvignon , Caymus Vineyards 40th Anniversary Cabernet Sauvignon 2012 (92+IWR) (750ML) 
1,2013,1L,Caymus Vineyards Napa Valley Cabernet Sauvignon , Caymus Vineyards Napa Valley Cabernet Sauvignon 2013 (1L) 
2,2001,750ml,Caymus Vineyards Special Selection Cabernet Sauvignon , Caymus Vineyards Special Selection Cabernet Sauvignon 2001 (750ML) 
1,2002,750ml,Caymus Vineyards Special Selection Cabernet Sauvignon , Caymus Vineyards Special Selection Cabernet Sauvignon 2002 (750ML) 
4,2013,750ml,Caymus Vineyards Special Selection Cabernet Sauvignon , Caymus Vineyards Special Selection Cabernet Sauvignon 2013 (750ML) 
2,1982,1.5L,Certan de May , Certan de May 1982 (1.5L) 
3,2017,750ml,Cervaro Della Sala Antinori , Cervaro Della Sala Antinori 2017 (750ML) 
12,2015,750ml,Chablis Valmur Jean Claude Bessin , Chablis Valmur Jean Claude Bessin 2015 (750ML) 
1,2018,750ml,Chambertin Armand Rousseau , Chambertin Armand Rousseau 2018 (750ML) 
1,1996,750ml,Chambertin Clos de Beze Louis Jadot , Chambertin Clos de Beze Louis Jadot 1996 (750ML) 
1,2009,750ml,Chambertin Clos de Beze Robert Groffier , Chambertin Clos de Beze Robert Groffier 2009 (750ml) 
1,1987,750ml,Chambertin Trapet , Chambertin Trapet 1987 (750ML) 
1,2009,750ml,Chambolle Musigny La Combe d`Orveau Jacques Prieur , Chambolle Musigny La Combe d`Orveau Jacques Prieur 2009 (750ML) 
2,2010,750ml,Chambolle Musigny Les Sentiers Michel Magnien , Chambolle Musigny Les Sentiers Michel Magnien 2010 (750ML) 
2,2009,750ml,Chambolle Musigny Vieille Vigne Domaine Fourrier , Chambolle Musigny Vieille Vigne Domaine Fourrier 2009 (750ML) 
2,2010,750ml,Chapelle Chambertin Bouchard Pere et Fils , Chapelle Chambertin Bouchard Pere et Fils 2010 (750ML) 
1,2010,750ml,Chapelle Chambertin Vieilles Vignes Perrot-Minot , Chapelle Chambertin Vieilles Vignes Perrot-Minot 2010 (750ML) 
8,1995,750ml,Charles Heidsieck Blanc des Millenaires , Charles Heidsieck Blanc des Millenaires 1995 (750ML) 
1,2018,750ml,Charmes Chambertin Arnaud Mortet , Charmes Chambertin Arnaud Mortet 2018 (750ML) 
1,2011,750ml,Charmes Chambertin Bouchard Pere et Fils , Charmes Chambertin Bouchard Pere et Fils 2011 (750ML) 
1,2012,750ml,Charmes Chambertin Cuvee Tres Vieilles Vignes Joseph Roty , Charmes Chambertin Cuvee Tres Vieilles Vignes Joseph Roty 2012 (750ML) 
4,2011,750ml,Charmes Chambertin David Duband , Charmes Chambertin David Duband 2011 (750ML) 
2,2015,750ml,Charmes Chambertin Domaine Castagnier , Charmes Chambertin Domaine Castagnier 2015 (750ML) 
1,1985,750ml,Charmes Chambertin Francois Chauvenet , Charmes Chambertin Francois Chauvenet 1985 (750ML) 
1,2015,750ml,Charmes Chambertin Geantet-Pansiot , Charmes Chambertin Geantet-Pansiot 2015 (750ML) 
3,2007,750ml,Charmes Chambertin Gerard Raphet , Charmes Chambertin Gerard Raphet 2007 (750ML) 
1,1996,750ml,Charmes Chambertin J Raphet , Charmes Chambertin J Raphet 1996 (750ML) 
4,2013,750ml,Chassagne Montrachet Boudriotte Fontaine-Gagnard , Chassagne Montrachet Boudriotte Fontaine-Gagnard 2013 (750ML) 
1,2017,750ml,Chassagne Montrachet Caillerets Lacroix , Chassagne Montrachet Caillerets Lacroix 2017 (750ML) 
6,2015,750ml,Chassagne Montrachet Clos St Jean Francois Carillon , Chassagne Montrachet Clos St Jean Francois Carillon 2015 (750ML) 
6,2017,750ml,Chassagne Montrachet Clos St Jean Francois Carillon , Chassagne Montrachet Clos St Jean Francois Carillon 2017 (750ML) 
3,2019,750ml,Chassagne Montrachet Clos St Jean Francois Carillon , Chassagne Montrachet Clos St Jean Francois Carillon 2019 (750ML) 
4,2013,750ml,Chassagne Montrachet En Remilly Colin-Deleger , Chassagne Montrachet En Remilly Colin-Deleger 2013 (750ML) 
1,2018,750ml,Chassagne Montrachet Joseph Drouhin , Chassagne Montrachet Joseph Drouhin 2018 (750ML) 
3,2019,750ml,Chassagne Montrachet La Maltroie Pierre-Yves Colin-Morey , Chassagne Montrachet La Maltroie Pierre-Yves Colin-Morey 2019 (750ML) 
6,2019,750ml,Chassagne Montrachet Les Chenevottes Pierre-Yves Colin-Morey , Chassagne Montrachet Les Chenevottes Pierre-Yves Colin-Morey 2019 (750ML) 
3,2017,750ml,Chassagne Montrachet Les Macherelles Carillon , Chassagne Montrachet Les Macherelles Carillon 2017 (750ML) 
2,2017,750ml,Chassagne Montrachet Les Macherelles Carillon , Chassagne Montrachet Les Macherelles Carillon 2017 (750ML) 
2,1997,750ml,Chateau Montelena Estate Cabernet Sauvignon , Chateau Montelena Estate Cabernet Sauvignon 1997 (750ML) 
8,1997,750ml,Chateau Montelena Estate Cabernet Sauvignon , Chateau Montelena Estate Cabernet Sauvignon 1997 (750ML) 
1,1997,750ml,Chateau Montelena Estate Cabernet Sauvignon , Chateau Montelena Estate Cabernet Sauvignon 1997 (750ML) 
1,2002,750ml,Chateau Montelena Estate Cabernet Sauvignon , Chateau Montelena Estate Cabernet Sauvignon 2002 (750ML) 
2,2010,750ml,Chateauneuf du Pape Bosquet des Papes , Chateauneuf du Pape Bosquet des Papes 2010 (750ML) 
1,2007,750ml,Chateauneuf du Pape Chateau Beaucastel , Chateauneuf du Pape Chateau Beaucastel 2007 (750ML) 
1,2017,750ml,Chateauneuf du Pape Chateau Beaucastel , Chateauneuf du Pape Chateau Beaucastel 2017 (750ML) 
2,2010,750ml,Chateauneuf du Pape Clos des Papes , Chateauneuf du Pape Clos des Papes 2010 (99+RR) (750ML) 
2,NV,750ml,Chateauneuf du Pape Cuvee Anonyme Xavier Vins Reserve VII IX X, Chateauneuf du Pape Cuvee Anonyme Xavier Vins Reserve VII IX X  (750ML) 
1,2016,1.5L,Chateauneuf du Pape Cuvee da Capo Pegau , Chateauneuf du Pape Cuvee da Capo Pegau 2016 (1.5L) 
8,2010,750ml,Chateauneuf du Pape Cuvee Imperiale Vignes Centenaires Raymond Usseglio , Chateauneuf du Pape Cuvee Imperiale Vignes Centenaires Raymond Usseglio 2010 (750ML) 
4,2011,750ml,Chateauneuf du Pape Cuvee Laurence Pegau , Chateauneuf du Pape Cuvee Laurence Pegau 2011 (750ML) 
1,2008,750ml,Chateauneuf du Pape Cuvee Reservee Pegau , Chateauneuf du Pape Cuvee Reservee Pegau 2008 (750ML) 
4,2010,750ml,Chateauneuf du Pape Cuvee Reservee Pegau , Chateauneuf du Pape Cuvee Reservee Pegau 2010 (750ML) 
2,2010,750ml,Chateauneuf du Pape Cuvee Vieilles Vignes Janasse , Chateauneuf du Pape Cuvee Vieilles Vignes Janasse 2010 (99RR) (750ML) 
1,2010,750ml,Chateauneuf du Pape De La Cote De Lange , Chateauneuf du Pape De La Cote De Lange 2010 (750ML) 
1,2010,750ml,Chateauneuf du Pape Deus-Ex Machina Clos St. Jean , Chateauneuf du Pape Deus-Ex Machina Clos St. Jean 2010 (750ML) 
1,2010,750ml,Chateauneuf du Pape Girard Raymond Usseglio , Chateauneuf du Pape Girard Raymond Usseglio 2010 (750ML) 
6,2010,750ml,Chateauneuf du Pape Henri Bonneau , Chateauneuf du Pape Henri Bonneau 2010 (750ML) 
1,1999,3L,Chateauneuf du Pape Hommage a Jacques Perrin Chateau Beaucastel , Chateauneuf du Pape Hommage a Jacques Perrin Chateau Beaucastel 1999 (3L) 
1,2001,3L,Chateauneuf du Pape Hommage a Jacques Perrin Chateau Beaucastel , Chateauneuf du Pape Hommage a Jacques Perrin Chateau Beaucastel 2001 (3L) 
2,2005,750ml,Chateauneuf du Pape Hommage a Jacques Perrin Chateau Beaucastel , Chateauneuf du Pape Hommage a Jacques Perrin Chateau Beaucastel 2005 (750ML) 
12,2009,750ml,Chateauneuf du Pape Hommage a Jacques Perrin Chateau Beaucastel , Chateauneuf du Pape Hommage a Jacques Perrin Chateau Beaucastel 2009 (99+RR) (750ML) 
2,2011,750ml,Chateauneuf du Pape Hommage a Jacques Perrin Chateau Beaucastel , Chateauneuf du Pape Hommage a Jacques Perrin Chateau Beaucastel 2011 (750ML) 
9,2011,750ml,Chateauneuf du Pape Hommage a Jacques Perrin Chateau Beaucastel , Chateauneuf du Pape Hommage a Jacques Perrin Chateau Beaucastel 2011 (750ML) 
2,2012,750ml,Chateauneuf du Pape Hommage a Jacques Perrin Chateau Beaucastel , Chateauneuf du Pape Hommage a Jacques Perrin Chateau Beaucastel 2012 (750ML) 
1,2012,750ml,Chateauneuf du Pape Hommage a Jacques Perrin Chateau Beaucastel , Chateauneuf du Pape Hommage a Jacques Perrin Chateau Beaucastel 2012 (750ML) 
3,2012,750ml,Chateauneuf du Pape Hommage a Jacques Perrin Chateau Beaucastel , Chateauneuf du Pape Hommage a Jacques Perrin Chateau Beaucastel 2012 (750ML) 
2,2014,750ml,Chateauneuf du Pape Hommage a Jacques Perrin Chateau Beaucastel , Chateauneuf du Pape Hommage a Jacques Perrin Chateau Beaucastel 2014 (750ML) 
2,2010,750ml,Chateauneuf du Pape Le Vieux Donjon , Chateauneuf du Pape Le Vieux Donjon 2010 (750ML) 
6,2010,750ml,Chateauneuf du Pape Le Vieux Donjon , Chateauneuf du Pape Le Vieux Donjon 2010 (750ML) 
2,2010,750ml,Chateauneuf du Pape Mon Aieul Pierre Usseglio , Chateauneuf du Pape Mon Aieul Pierre Usseglio 2010 (97+RR) (750ML) 
9,2007,750ml,Chateauneuf du Pape Reserve Deux Freres Pierre Usseglio , Chateauneuf du Pape Reserve Deux Freres Pierre Usseglio 2007 (750ML) 
2,2007,750ml,Chateauneuf du Pape Reserve Deux Freres Pierre Usseglio , Chateauneuf du Pape Reserve Deux Freres Pierre Usseglio 2007 (750ML) 
1,2009,1.5L,Chateauneuf du Pape Sanctus Sanctorum Clos St. Jean , Chateauneuf du Pape Sanctus Sanctorum Clos St. Jean 2009 (100RR) (1.5L) 
1,2010,1.5L,Chateauneuf du Pape Sanctus Sanctorum Clos St. Jean , Chateauneuf du Pape Sanctus Sanctorum Clos St. Jean 2010 (1.5L) 
1,2012,1.5L,Chateauneuf du Pape Sanctus Sanctorum Clos St. Jean , Chateauneuf du Pape Sanctus Sanctorum Clos St. Jean 2012 (98-100WA) (1.5L) 
5,2010,750ml,Chateauneuf du Pape Vieilles Vignes Grand Veneur , Chateauneuf du Pape Vieilles Vignes Grand Veneur 2010 (750ML) 
2,2010,750ml,Chateauneuf du Pape Vieilles Vignes Grand Veneur , Chateauneuf du Pape Vieilles Vignes Grand Veneur 2010 (750ML) 
2,1971,750ml,Cheval Blanc , Cheval Blanc 1971 (750ML) 
4,1975,750ml,Cheval Blanc , Cheval Blanc 1975 (750ML) 
1,1975,750ml,Cheval Blanc , Cheval Blanc 1975 (750ML) 
1,1978,1.5L,Cheval Blanc , Cheval Blanc 1978 (1.5L) 
2,1995,750ml,Cheval Blanc , Cheval Blanc 1995 (750ML) 
2,1998,750ml,Cheval Blanc , Cheval Blanc 1998 (750ML) 
1,2000,750ml,Cheval Blanc , Cheval Blanc 2000 (750ML) 
2,2005,750ml,Cheval Blanc , Cheval Blanc 2005 (750ML) 
1,2006,750ml,Cheval Blanc , Cheval Blanc 2006 (750ML) 
2,2010,750ml,Cheval Blanc , Cheval Blanc 2010 (750ML) 
1,2014,1.5L,Cheval Blanc , Cheval Blanc 2014 (1.5L) 
6,2007,750ml,Chevalier Montrachet Bouchard Pere et Fils , Chevalier Montrachet Bouchard Pere et Fils 2007 (750ML) 
5,1997,750ml,Chevalier Montrachet Les Demoiselles Louis Jadot , Chevalier Montrachet Les Demoiselles Louis Jadot 1997 (750ML) 
3,1986,750ml,Climens , Climens 1986 (750ML) 
1,2005,375ml,Climens , Climens 2005 (375ML) 
5,2005,375ml,Climens , Climens 2005 (375ML) 
12,2015,750ml,Clinet , Clinet 2015 (750ML) 
2,2015,750ml,Clos de la Roche Castagnier , Clos de la Roche Castagnier 2015 (750ML) 
2,2016,750ml,Clos de la Roche Castagnier , Clos de la Roche Castagnier 2016 (750ML) 
2,2010,750ml,Clos de Sarpe , Clos de Sarpe 2010 (750ML) 
4,2006,750ml,Clos de Vougeot Camille Giroud , Clos de Vougeot Camille Giroud 2006 (750ML) 
1,2013,750ml,Clos de Vougeot Chateau de la Tour , Clos de Vougeot Chateau de la Tour 2013 (750ML) 
2,2013,750ml,Clos de Vougeot Chateau de la Tour , Clos de Vougeot Chateau de la Tour 2013 (750ML) 
5,2014,750ml,Clos de Vougeot Chateau de la Tour , Clos de Vougeot Chateau de la Tour 2014 (750ML) 
4,2013,750ml,Clos de Vougeot Domaine du Clos Frantin Albert Bichot , Clos de Vougeot Domaine du Clos Frantin Albert Bichot 2013 (750ML) 
2,2013,750ml,Clos de Vougeot Drouhin-Laroze , Clos de Vougeot Drouhin-Laroze 2013 (750ML) 
2,2013,750ml,Clos de Vougeot Drouhin-Laroze , Clos de Vougeot Drouhin-Laroze 2013 (750ML) 
12,2015,750ml,Clos de Vougeot Lamarche , Clos de Vougeot Lamarche 2015 (750ML) 
2,2013,750ml,Clos de Vougeot Vieilles Vignes Chateau de la Tour , Clos de Vougeot Vieilles Vignes Chateau de la Tour 2013 (750ML) 
2,2010,750ml,Clos de Vougeot Vieilles Vignes Gerard Raphet , Clos de Vougeot Vieilles Vignes Gerard Raphet 2010 (750ML) 
1,2017,1.5L,Clos de Vougeot Vougeraie , Clos de Vougeot Vougeraie 2017 (1.5L) 
2,2010,750ml,Clos Fourtet , Clos Fourtet 2010 (750ML) 
2,2005,750ml,Clos L´Eglise , Clos L´Eglise 2005 (750ML) 
2,2015,750ml,Clos L´Eglise , Clos L´Eglise 2015 (94-96WA) (750ML) 
3,2012,750ml,Clos Mogador , Clos Mogador 2012 (750ML) 
2,2015,750ml,Clos St. Denis Domaine Castagnier , Clos St. Denis Domaine Castagnier 2015 (750ML) 
12,2009,750ml,Clos Vougeot Bouchard Pere et Fils , Clos Vougeot Bouchard Pere et Fils 2009 (750ML) 
1,2011,750ml,Clos Vougeot Bouchard Pere et Fils , Clos Vougeot Bouchard Pere et Fils 2011 (92-93+JG) (750ML) 
5,2012,750ml,Clos Vougeot Bouchard Pere et Fils , Clos Vougeot Bouchard Pere et Fils 2012 (750ML) 
2,2013,750ml,Clos Vougeot Bouchard Pere et Fils , Clos Vougeot Bouchard Pere et Fils 2013 (750ML) 
2,1996,750ml,Clos Vougeot Collection Bellenum Maison Roche De Bellene , Clos Vougeot Collection Bellenum Maison Roche De Bellene 1996 (750ML) 
6,2010,750ml,Clos Vougeot David Duband , Clos Vougeot David Duband 2010 (750ML) 
2,2009,750ml,Clos Vougeot Jean Grivot , Clos Vougeot Jean Grivot 2009 (750ML) 
2,2016,1.5L,Clos Vougeot Louis Jadot , Clos Vougeot Louis Jadot 2016 (1.5L) 
2,2016,750ml,Clos Vougeot Louis Jadot , Clos Vougeot Louis Jadot 2016 (750ML) 
1,2007,750ml,Clos Vougeot Musigni Gros Frere et Soeur , Clos Vougeot Musigni Gros Frere et Soeur 2007 (750ML) 
3,2013,750ml,Colgin Cariad Red , Colgin Cariad Red 2013 (750ML) 
1,2005,1.5L,Colgin IX Estate Napa Valley Red , Colgin IX Estate Napa Valley Red 2005 (1.5L) 
1,2006,1.5L,Colgin IX Estate Napa Valley Red , Colgin IX Estate Napa Valley Red 2006 (1.5L) 
1,2007,1.5L,Colgin IX Estate Napa Valley Red , Colgin IX Estate Napa Valley Red 2007 (1.5L) 
1,2010,750ml,Colgin IX Estate Napa Valley Red , Colgin IX Estate Napa Valley Red 2010 (100WA) (750ML) 
3,2013,750ml,Colgin IX Estate Napa Valley Red , Colgin IX Estate Napa Valley Red 2013 (750ML) 
1,2014,1.5L,Colgin IX Estate Napa Valley Red , Colgin IX Estate Napa Valley Red 2014 (1.5L) 
2,2014,750ml,Colgin IX Estate Napa Valley Red , Colgin IX Estate Napa Valley Red 2014 (750ML) 
1,2011,750ml,Corton Bouchard Pere et Fils , Corton Bouchard Pere et Fils 2011 (750ML) 
3,2014,750ml,Corton Bressandes La Pousse d´Or , Corton Bressandes La Pousse d´Or 2014 (750ML) 
1,2014,750ml,Corton Bressandes La Pousse d´Or , Corton Bressandes La Pousse d´Or 2014 (750ML) 
2,2007,750ml,Corton Charlemagne Bouchard Pere et Fils , Corton Charlemagne Bouchard Pere et Fils 2007 (750ML) 
1,2010,750ml,Corton Charlemagne Dublere , Corton Charlemagne Dublere 2010 (750ML) 
2,2016,750ml,Corton Charlemagne Dubreuil-Fontaine , Corton Charlemagne Dubreuil-Fontaine 2016 (750ML) 
1,2016,750ml,Corton Charlemagne Dubreuil-Fontaine , Corton Charlemagne Dubreuil-Fontaine 2016 (750ML) 
12,2016,750ml,Corton Clos du Roi Dubreuil-Fontaine , Corton Clos du Roi Dubreuil-Fontaine 2016 (750ML) 
6,2014,750ml,Corton Clos du Roi La Pousse d`Or , Corton Clos du Roi La Pousse d`Or 2014 (750ML) 
4,2000,750ml,Corton Domaine Latour , Corton Domaine Latour 2000 (750ML) 
2,2016,1.5L,Corton Grancey Louis Latour , Corton Grancey Louis Latour 2016 (1.5L) 
6,2005,750ml,Corton Hospices de Beaune Cuvee Charlotte Dumay Bouchard Pere et Fils , Corton Hospices de Beaune Cuvee Charlotte Dumay Bouchard Pere et Fils 2005 (750ML) 
3,2005,750ml,Corton Hospices de Beaune Cuvee Charlotte Dumay Christophe Roumier , Corton Hospices de Beaune Cuvee Charlotte Dumay Christophe Roumier 2005 (750ML) 
1,2008,750ml,Corton Rognet Dupont Tisserandot , Corton Rognet Dupont Tisserandot 2008 (750ML) 
3,2011,750ml,Corton Rognet Dupont Tisserandot , Corton Rognet Dupont Tisserandot 2011 (750ML) 
2,2011,750ml,Corton Rognet Dupont Tisserandot , Corton Rognet Dupont Tisserandot 2011 (750ML) 
1,1982,750ml,Cos d'Estournel , Cos d'Estournel 1982 (750ML) 
3,2000,375ml,Cos d'Estournel , Cos d'Estournel 2000 (375ML) 
31,2005,750ml,Cos d'Estournel , Cos d'Estournel 2005 (750ML) 
1,2007,750ml,Cos d'Estournel , Cos d'Estournel 2007 (750ML) 
16,2009,750ml,Cos d'Estournel , Cos d'Estournel 2009 (750ML) 
12,2010,750ml,Cos d'Estournel , Cos d'Estournel 2010 (750ML) 
1,2014,750ml,Cos d'Estournel , Cos d'Estournel 2014 (750ML) 
4,2016,750ml,Cos d'Estournel , Cos d'Estournel 2016 (750ML) 
3,2011,750ml,Cote Rotie La Landonne Guigal , Cote Rotie La Landonne Guigal 2011 (750ML) 
2,2009,750ml,Cote Rotie La Mouline Guigal , Cote Rotie La Mouline Guigal 2009 (750ML) 
1,2011,750ml,Cote Rotie La Mouline Guigal , Cote Rotie La Mouline Guigal 2011 (750ML) 
1,2009,750ml,Cote Rotie Lancement Ogier , Cote Rotie Lancement Ogier 2009 (750ML) 
3,2010,750ml,Croix de Labrie , Croix de Labrie 2010 (92JS) (750ML) 
2,2009,750ml,Crozes Hermitage Thalabert Jaboulet , Crozes Hermitage Thalabert Jaboulet 2009 (750ML) 
6,2012,750ml,D`Issan , D`Issan 2012 (750ML) 
3,2010,750ml,d´Issan , d´Issan 2010 (750ML) 
1,1997,750ml,Dalla Valle Vineyards Cabernet Sauvignon , Dalla Valle Vineyards Cabernet Sauvignon 1997 (750ML) 
2,2012,750ml,Dalla Valle Vineyards Cabernet Sauvignon , Dalla Valle Vineyards Cabernet Sauvignon 2012 (750ML) 
1,2013,750ml,Dalla Valle Vineyards Cabernet Sauvignon , Dalla Valle Vineyards Cabernet Sauvignon 2013 (750ML) 
1,2005,375ml,de Fargues , de Fargues 2005 (375ML) 
6,2005,750ml,de Fargues , de Fargues 2005 (750ML) 
6,2012,750ml,Delamotte Blanc de Blancs , Delamotte Blanc de Blancs 2012 (750ML) 
3,2002,750ml,Delamotte Brut Blanc de Blancs , Delamotte Brut Blanc de Blancs 2002 (95W&S) (750ML) 
2,2002,750ml,Delamotte Brut Blanc de Blancs , Delamotte Brut Blanc de Blancs 2002 (95W&S) (750ML) 
4,2007,750ml,Delamotte Brut Blanc de Blancs , Delamotte Brut Blanc de Blancs 2007 (750ML) 
1,NV,750ml,Delamotte Brut NV, Delamotte Brut NV (750ML) 
2,NV,750ml,Delamotte Rose NV, Delamotte Rose NV (750ML) 
1,2000,750ml,Dom Perignon , Dom Perignon 2000 (750ML) 
1,2002,750ml,Dom Perignon , Dom Perignon 2002 (750ML) 
1,2004,750ml,Dom Perignon , Dom Perignon 2004 (750ML) 
1,2008,1.5L,Dom Perignon , Dom Perignon 2008 (1.5L) 
2,2002,750ml,Dom Perignon P2 , Dom Perignon P2 2002 (750ML) 
6,2013,750ml,Domaine de Chevalier Blanc , Domaine de Chevalier Blanc 2013 (97-98JS) (750ML) 
1,2010,750ml,Domaine de Chevalier Rouge , Domaine de Chevalier Rouge 2010 (750ML) 
5,1995,1.5L,Dominus Estate , Dominus Estate 1995 (1.5L) 
1,2005,750ml,Dominus Estate , Dominus Estate 2005 (750ML) 
1,2008,750ml,Dominus Estate , Dominus Estate 2008 (750ML) 
6,2010,750ml,Dominus Estate , Dominus Estate 2010 (100WA) (750ML) 
3,2013,750ml,Dominus Estate , Dominus Estate 2013 (100AG/100JS) (750ML) 
2,2000,750ml,Dow , Dow 2000 (750ML) 
3,2016,750ml,Dows Vintage Port , Dows Vintage Port 2016 (750ML) 
1,2016,750ml,Dows Vintage Port , Dows Vintage Port 2016 (750ML) 
1,1982,750ml,Ducru Beaucaillou , Ducru Beaucaillou 1982 (750ML) 
1,1995,750ml,Ducru Beaucaillou , Ducru Beaucaillou 1995 (750ML) 
12,2005,750ml,Ducru Beaucaillou , Ducru Beaucaillou 2005 (750ML) 
22,2009,750ml,Ducru Beaucaillou , Ducru Beaucaillou 2009 (750ML) 
3,2010,750ml,Ducru Beaucaillou , Ducru Beaucaillou 2010 (750ML) 
18,2010,750ml,Ducru Beaucaillou , Ducru Beaucaillou 2010 (750ML) 
14,2010,750ml,Ducru Beaucaillou , Ducru Beaucaillou 2010 (750ML) 
6,2010,750ml,Ducru Beaucaillou , Ducru Beaucaillou 2010 (750ML) 
1,2014,1.5L,Ducru Beaucaillou , Ducru Beaucaillou 2014 (1.5L) 
4,2014,750ml,Ducru Beaucaillou , Ducru Beaucaillou 2014 (99JS) (750ML) 
2,2015,750ml,Ducru Beaucaillou , Ducru Beaucaillou 2015 (750ML) 
8,2012,750ml,Duemani Duemani , Duemani Duemani 2012 (99JS) (750ML) 
8,2012,750ml,Duemani Duemani , Duemani Duemani 2012 (99JS) (750ML) 
5,2009,750ml,Duhart Milon Rothschild , Duhart Milon Rothschild 2009 (750ML) 
12,2009,750ml,Duhart Milon Rothschild , Duhart Milon Rothschild 2009 (750ML) 
4,2010,750ml,Duhart Milon Rothschild , Duhart Milon Rothschild 2010 (750ML) 
2,2010,750ml,Duhart Milon Rothschild , Duhart Milon Rothschild 2010 (750ML) 
6,2000,1.5L,Duluc , Duluc 2000 (1.5L) 
2,2013,750ml,Dunn Vineyards Howell Mountain Cabernet Sauvignon , Dunn Vineyards Howell Mountain Cabernet Sauvignon 2013 (750ML) 
11,1985,1.5L,d'Yquem , d'Yquem 1985 (1.5L) 
1,1988,750ml,d'Yquem , d'Yquem 1988 (750ML) 
5,1990,750ml,d'Yquem , d'Yquem 1990 (750ML) 
2,1996,750ml,d'Yquem , d'Yquem 1996 (750ML) 
2,1998,375ml,d'Yquem , d'Yquem 1998 (375ML) 
5,2001,1.5L,d'Yquem , d'Yquem 2001 (1.5L) 
1,2001,1.5L,d'Yquem , d'Yquem 2001 (1.5L) 
4,2001,750ml,d'Yquem , d'Yquem 2001 (750ML) 
2,2009,750ml,Echezeaux J M Millot , Echezeaux J M Millot 2009 (750ML) 
1,2006,750ml,Echezeaux Jean Grivot , Echezeaux Jean Grivot 2006 (750ML) 
4,2009,750ml,Echezeaux Jean Grivot , Echezeaux Jean Grivot 2009 (750ML) 
2,2015,750ml,Echezeaux Lamarche , Echezeaux Lamarche 2015 (750ML) 
2,2015,750ml,Echezeaux Lamarche , Echezeaux Lamarche 2015 (750ML) 
1,2009,750ml,Echezeaux Liger-Belair , Echezeaux Liger-Belair 2009 (750ML) 
1,2010,750ml,Echezeaux Michel Noellat , Echezeaux Michel Noellat 2010 (750ML) 
1,2010,750ml,Egly-Ouriet Coteaux Champenois Ambonnay Rouge Cuvee des Grands Cotes , Egly-Ouriet Coteaux Champenois Ambonnay Rouge Cuvee des Grands Cotes 2010 (750ML) 
2,2013,750ml,Eisele Estate Altagracia Cabernet Sauvignon , Eisele Estate Altagracia Cabernet Sauvignon 2013 (750ML) 
1,2013,750ml,Eisele Vineyard Cabernet Sauvignon , Eisele Vineyard Cabernet Sauvignon 2013 (750ML) 
1,2016,1.5L,Eisele Vineyards Cabernet Sauvignon , Eisele Vineyards Cabernet Sauvignon 2016 (1.5L) 
2,2014,750ml,Eisele Vineyards Estate Altagracia Napa Valley Cabernet Sauvignon , Eisele Vineyards Estate Altagracia Napa Valley Cabernet Sauvignon 2014 (750ML) 
1,2014,750ml,Eisele Vineyards Estate Altagracia Napa Valley Cabernet Sauvignon , Eisele Vineyards Estate Altagracia Napa Valley Cabernet Sauvignon 2014 (750ML) 
3,2015,750ml,Enclos Tourmaline , Enclos Tourmaline 2015 (750ML) 
2,2010,750ml,Ermitage Blanc Cuvee de l'Oree Chapoutier , Ermitage Blanc Cuvee de l'Oree Chapoutier 2010 (750ML) 
2,2011,750ml,Ermitage Blanc Cuvee de l'Oree Chapoutier , Ermitage Blanc Cuvee de l'Oree Chapoutier 2011 (750ML) 
2,2015,750ml,Ermitage Blanc Cuvee de l'Oree Chapoutier , Ermitage Blanc Cuvee de l'Oree Chapoutier 2015 (750ML) 
1,2003,750ml,Ermitage Le Pavillon Chapoutier , Ermitage Le Pavillon Chapoutier 2003 (750ML) 
2,2012,750ml,Espectacle del Montsant , Espectacle del Montsant 2012 (99WA) (750ML) 
6,2012,750ml,Esperance de Trotanoy , Esperance de Trotanoy 2012 (750ML) 
5,2010,750ml,Feytit Clinet , Feytit Clinet 2010 (750ML) 
7,2015,750ml,Feytit Clinet , Feytit Clinet 2015 (750ML) 
4,2016,750ml,Feytit Clinet , Feytit Clinet 2016 (750ML) 
4,2015,750ml,Figeac , Figeac 2015 (750ML) 
2,2016,750ml,Figeac , Figeac 2016 (750ML) 
1,2013,750ml,Flaccianello della Pieve Fontodi , Flaccianello della Pieve Fontodi 2013 (750ML) 
12,2009,750ml,Fleur Cardinale , Fleur Cardinale 2009 (93JS) (750ML) 
18,2010,750ml,Fleur Cardinale , Fleur Cardinale 2010 (93JS) (750ML) 
2,2013,750ml,Galatrona Petrolo , Galatrona Petrolo 2013 (98JS) (750ML) 
1,2013,750ml,Galatrona Petrolo , Galatrona Petrolo 2013 (98JS) (750ML) 
2,2001,750ml,Gazin , Gazin 2001 (750ML) 
2,2009,750ml,Gevrey Chambertin Aux Combottes Beaumont , Gevrey Chambertin Aux Combottes Beaumont 2009 (94SWJ) (750ML) 
1,2008,750ml,Gevrey Chambertin Clos St Jacques Vieille Vigne Domaine Fourrier , Gevrey Chambertin Clos St Jacques Vieille Vigne Domaine Fourrier 2008 (750ML) 
4,2010,750ml,Gevrey Chambertin Craipillot Confuron-Cotetidot , Gevrey Chambertin Craipillot Confuron-Cotetidot 2010 (750ML) 
3,2015,750ml,Gevrey Chambertin Domaine Castagnier , Gevrey Chambertin Domaine Castagnier 2015 (750ML) 
5,2010,750ml,Gevrey Chambertin Estournelles St Jacques Humbert , Gevrey Chambertin Estournelles St Jacques Humbert 2010 (750ML) 
1,2007,750ml,Gevrey Chambertin Evocelles Dugat-Py , Gevrey Chambertin Evocelles Dugat-Py 2007 (750ML) 
2,2014,750ml,Gevrey Chambertin Lavaut St Jacques Duroche , Gevrey Chambertin Lavaut St Jacques Duroche 2014 (750ML) 
4,2011,750ml,Gevrey Chambertin Lavaux St. Jacques Camille Giroud , Gevrey Chambertin Lavaux St. Jacques Camille Giroud 2011 (750ML) 
12,2012,750ml,Gevrey Chambertin Les Champeaux Domaine Tortochot , Gevrey Chambertin Les Champeaux Domaine Tortochot 2012 (750ml) 
1,1988,750ml,Gevrey Chambertin Les Champs Chenys Joseph Roty , Gevrey Chambertin Les Champs Chenys Joseph Roty 1988 (750ML) 
2,2010,750ml,Gevrey Chambertin Vieilles Vignes Rossignol Trapet , Gevrey Chambertin Vieilles Vignes Rossignol Trapet 2010 (750ML) 
1,2010,750ml,Gevrey Chambertin Vieilles Vignes Rossignol Trapet , Gevrey Chambertin Vieilles Vignes Rossignol Trapet 2010 (750ML) 
1,2010,750ml,Gigondas Prestige des Hautes Garrigues Santa Duc , Gigondas Prestige des Hautes Garrigues Santa Duc 2010 (97RR) (750ML) 
6,2009,750ml,Giscours , Giscours 2009 (750ML) 
1,2009,750ml,Giscours , Giscours 2009 (750ML) 
12,2015,750ml,Giscours , Giscours 2015 (750ML) 
6,2013,750ml,Giusto Di Notri Tua Rita , Giusto Di Notri Tua Rita 2013 (93JS) (750ML) 
12,2000,750ml,Gloria , Gloria 2000 (750ML) 
6,2014,1.5L,Gloria , Gloria 2014 (1.5L) 
1,NV,750ml,Gosset Petite Douceur Rose NV, Gosset Petite Douceur Rose NV (750ML) 
1,2001,750ml,Grace Family Cabernet Sauvignon , Grace Family Cabernet Sauvignon 2001 (750ML) 
2,2005,750ml,Gracia , Gracia 2005 (750ML) 
2,2010,750ml,Gracia , Gracia 2010 (750ML) 
1,1989,750ml,Grand Mayne , Grand Mayne 1989 (750ML) 
1,2005,5L,Grand Puy Lacoste , Grand Puy Lacoste 2005 (5L) 
12,2005,750ml,Grand Puy Lacoste , Grand Puy Lacoste 2005 (750ML) 
2,2005,750ml,Grand Puy Lacoste , Grand Puy Lacoste 2005 (750ML) 
1,2009,750ml,Grand Puy Lacoste , Grand Puy Lacoste 2009 (750ML) 
4,2009,750ml,Grand Puy Lacoste , Grand Puy Lacoste 2009 (750ML) 
1,2009,750ml,Grand Puy Lacoste , Grand Puy Lacoste 2009 (750ML) 
5,2010,750ml,Grand Puy Lacoste , Grand Puy Lacoste 2010 (750ML) 
1,2009,750ml,Grands Echezeaux Javouhey , Grands Echezeaux Javouhey 2009 (750ML) 
2,2014,750ml,Grands Echezeaux Lamarche , Grands Echezeaux Lamarche 2014 (750ML) 
5,1996,750ml,Grands Echezeaux Louis Jadot , Grands Echezeaux Louis Jadot 1996 (750ML) 
1,2006,750ml,Grands Echezeaux Vieilles Vignes Dominique Laurent , Grands Echezeaux Vieilles Vignes Dominique Laurent 2006 (750ML) 
3,2001,750ml,Griotte Chambertin Domaine Ponsot , Griotte Chambertin Domaine Ponsot 2001 (750ML) 
3,1982,375ml,Gruaud Larose , Gruaud Larose 1982 (375ML) 
12,2010,750ml,Gruaud Larose , Gruaud Larose 2010 (96JS) (750ML) 
4,2011,750ml,Guiraud , Guiraud 2011 (99JS) (750ML) 
1,2001,750ml,Harlan Estate , Harlan Estate 2001 (750ML) 
1,2002,750ml,Harlan Estate , Harlan Estate 2002 (750ML) 
2,2007,1.5L,Harlan Estate , Harlan Estate 2007 (1.5L) 
12,2009,750ml,Haut Bailly , Haut Bailly 2009 (750ML) 
2,2010,1.5L,Haut Bailly , Haut Bailly 2010 (1.5L) 
12,2010,750ml,Haut Bailly , Haut Bailly 2010 (750ML) 
12,2010,750ml,Haut Bailly , Haut Bailly 2010 (750ML) 
14,2015,750ml,Haut Bailly , Haut Bailly 2015 (750ML) 
24,2000,750ml,Haut Bergey , Haut Bergey 2000 (750ML) 
1,1982,750ml,Haut Brion , Haut Brion 1982 (750ML) 
1,1985,750ml,Haut Brion , Haut Brion 1985 (750ML) 
1,1986,750ml,Haut Brion , Haut Brion 1986 (750ML) 
4,1990,750ml,Haut Brion , Haut Brion 1990 (750ML) 
7,1998,750ml,Haut Brion , Haut Brion 1998 (750ML) 
6,2001,750ml,Haut Brion , Haut Brion 2001 (750ML) 
1,2003,3L,Haut Brion , Haut Brion 2003 (3L) 
1,2003,750ml,Haut Brion , Haut Brion 2003 (750ML) 
1,2005,1.5L,Haut Brion , Haut Brion 2005 (1.5L) 
9,2005,750ml,Haut Brion , Haut Brion 2005 (750ML) 
12,2005,750ml,Haut Brion , Haut Brion 2005 (750ML) 
1,2012,750ml,Haut Brion , Haut Brion 2012 (98WA) (750ML) 
7,2012,750ml,Haut Brion , Haut Brion 2012 (98WA) (750ML) 
1,2014,1.5L,Haut Brion , Haut Brion 2014 (97AG/JS) (1.5L) 
2,2015,750ml,Haut Brion , Haut Brion 2015 (750ML) 
2,2010,750ml,Hermitage Ex Voto Rouge Guigal , Hermitage Ex Voto Rouge Guigal 2010 (750ML) 
3,2016,750ml,Hundred Acre Few and Far Between Cabernet Sauvignon , Hundred Acre Few and Far Between Cabernet Sauvignon 2016 (750ML) 
1,2005,750ml,Hundred Acre Napa Deep Time Cabernet Sauvignon , Hundred Acre Napa Deep Time Cabernet Sauvignon 2005 (750ML) 
6,2015,750ml,Hundred Acre Napa Deep Time Cabernet Sauvignon , Hundred Acre Napa Deep Time Cabernet Sauvignon 2015 (750ML) 
6,2013,750ml,Il Carbonaione Alta Valle della Greve Podere Poggio Scalette , Il Carbonaione Alta Valle della Greve Podere Poggio Scalette 2013 (750ML) 
5,2013,750ml,Il Carbonaione Alta Valle della Greve Podere Poggio Scalette , Il Carbonaione Alta Valle della Greve Podere Poggio Scalette 2013 (750ML) 
1,2013,750ml,Il Carbonaione Alta Valle della Greve Podere Poggio Scalette , Il Carbonaione Alta Valle della Greve Podere Poggio Scalette 2013 (750ML) 
1,2012,750ml,J Davies Jamie Cabernet Sauvignon , J Davies Jamie Cabernet Sauvignon 2012 (750ML) 
1,2005,1.5L,Joseph Phelps Vineyards Backus Napa Valley Cabernet Sauvignon , Joseph Phelps Vineyards Backus Napa Valley Cabernet Sauvignon 2005 (1.5L) 
1,2001,750ml,Joseph Phelps Vineyards Insignia , Joseph Phelps Vineyards Insignia 2001 (750ML) 
1,2004,750ml,Joseph Phelps Vineyards Insignia , Joseph Phelps Vineyards Insignia 2004 (750ML) 
5,2007,750ml,Joseph Phelps Vineyards Insignia , Joseph Phelps Vineyards Insignia 2007 (750ML) 
1,2008,750ml,Joseph Phelps Vineyards Insignia , Joseph Phelps Vineyards Insignia 2008 (750ML) 
1,2012,750ml,Joseph Phelps Vineyards Insignia , Joseph Phelps Vineyards Insignia 2012 (96-100WA) (750ML) 
6,2012,750ml,Joseph Phelps Vineyards Insignia , Joseph Phelps Vineyards Insignia 2012 (96-100WA) (750ML) 
6,2013,750ml,Joseph Phelps Vineyards Insignia , Joseph Phelps Vineyards Insignia 2013 (750ML) 
1,2010,1.5L,Kapcsandy Family Winery Estate Cuvee State Lane Vineyard Red Wine , Kapcsandy Family Winery Estate Cuvee State Lane Vineyard Red Wine 2010 (1.5L) 
2,2013,750ml,Kapcsandy Family Winery Estate Cuvee State Lane Vineyard Red Wine , Kapcsandy Family Winery Estate Cuvee State Lane Vineyard Red Wine 2013 (750ML) 
2,2010,750ml,Kapcsandy Family Winery Roberta`s Reserve State Lane Vineyard , Kapcsandy Family Winery Roberta`s Reserve State Lane Vineyard 2010 (750ML) 
2,2012,750ml,Kapcsandy Family Winery Roberta`s Reserve State Lane Vineyard , Kapcsandy Family Winery Roberta`s Reserve State Lane Vineyard 2012 (750ML) 
1,2005,750ml,Kistler Vineyards Cuvee Elizabeth Pinot Noir , Kistler Vineyards Cuvee Elizabeth Pinot Noir 2005 (750ML) 
1,2016,750ml,Kongsgaard Napa Valley Chardonnay , Kongsgaard Napa Valley Chardonnay 2016 (750ML) 
1,2016,750ml,Kongsgaard Napa Valley Syrah , Kongsgaard Napa Valley Syrah 2016 (750ML) 
2,1982,750ml,Krohn Colheita , Krohn Colheita 1982 (750ML) 
2,2002,750ml,Krug , Krug 2002 (100JS) (750ML) 
2,NV,750ml,Krug Grande Cuvee 164th Edition NV, Krug Grande Cuvee 164th Edition NV (750ML) 
2,MV,750ml,Krug Grande Cuvee 166th Edition NV, Krug Grande Cuvee 166th Edition NV (750ML) 
4,NV,750ml,Krug Rose NV, Krug Rose NV (96W&S) (750ML) 
1,NV,750ml,L. Aubry Brut Classic NV, L. Aubry Brut Classic NV (750ml) 
6,2017,750ml,L`Eglise Clinet , L`Eglise Clinet 2017 (750ML) 
4,2012,750ml,L`If , L`If 2012 (750ML) 
2,2005,750ml,La Chapelle D´Ausone , La Chapelle D´Ausone 2005 (750ML) 
2,2015,750ml,La Chapelle de la Mission Haut Brion , La Chapelle de la Mission Haut Brion 2015 (750ML) 
2,1996,750ml,La Conseillante , La Conseillante 1996 (750ML) 
11,2000,750ml,La Conseillante , La Conseillante 2000 (750ML) 
1,2000,750ml,La Conseillante , La Conseillante 2000 (750ML) 
2,2005,1.5L,La Conseillante , La Conseillante 2005 (1.5L) 
6,2005,750ml,La Conseillante , La Conseillante 2005 (750ML) 
4,2005,750ml,La Conseillante , La Conseillante 2005 (750ML) 
2,2005,750ml,La Conseillante , La Conseillante 2005 (750ML) 
4,2008,750ml,La Conseillante , La Conseillante 2008 (750ML) 
6,2010,750ml,La Conseillante , La Conseillante 2010 (750ML) 
2,2010,750ml,La Conseillante , La Conseillante 2010 (750ML) 
6,2015,750ml,La Conseillante , La Conseillante 2015 (750ML) 
2,2016,750ml,La Conseillante , La Conseillante 2016 (750ML) 
2,2015,750ml,La Croix de Beaucaillou , La Croix de Beaucaillou 2015 (750ML) 
6,2005,750ml,La Croix du Beaucaillou , La Croix du Beaucaillou 2005 (750ML) 
1,2010,750ml,La Dame de Montrose , La Dame de Montrose 2010 (750ML) 
1,1986,750ml,La Fleur Petrus , La Fleur Petrus 1986 (750ML) 
1,1988,750ml,La Fleur Petrus , La Fleur Petrus 1988 (750ML) 
4,2010,750ml,La Fleur Petrus , La Fleur Petrus 2010 (98JS) (750ML) 
1,2014,1.5L,La Fleur Petrus , La Fleur Petrus 2014 (1.5L) 
6,2015,750ml,La Fleur Petrus , La Fleur Petrus 2015 (750ML) 
4,2010,750ml,La Gravette de Certan , La Gravette de Certan 2010 (750ML) 
1,2010,750ml,La Gravette de Certan , La Gravette de Certan 2010 (750ML) 
6,2009,750ml,La Lagune , La Lagune 2009 (96JS) (750ML) 
6,1990,750ml,La Mission Haut Brion , La Mission Haut Brion 1990 (750ML) 
4,1998,750ml,La Mission Haut Brion , La Mission Haut Brion 1998 (99JS) (750ML) 
1,2000,750ml,La Mission Haut Brion , La Mission Haut Brion 2000 (750ML) 
3,2000,750ml,La Mission Haut Brion , La Mission Haut Brion 2000 (750ML) 
1,2003,750ml,La Mission Haut Brion , La Mission Haut Brion 2003 (750ML) 
1,2005,1.5L,La Mission Haut Brion , La Mission Haut Brion 2005 (1.5L) 
12,2005,750ml,La Mission Haut Brion , La Mission Haut Brion 2005 (750ML) 
6,2005,750ml,La Mission Haut Brion , La Mission Haut Brion 2005 (750ML) 
6,2010,750ml,La Mission Haut Brion , La Mission Haut Brion 2010 (750ML) 
2,2012,750ml,La Mission Haut Brion , La Mission Haut Brion 2012 (97WA) (750ML) 
1,2014,750ml,La Mission Haut Brion , La Mission Haut Brion 2014 (750ML) 
2,2015,750ml,La Mission Haut Brion , La Mission Haut Brion 2015 (750ML) 
12,2003,750ml,La Mondotte , La Mondotte 2003 (750ML) 
1,2004,1.5L,La Rioja Alta Gran Reserva 890 , La Rioja Alta Gran Reserva 890 2004 (1.5L) 
6,2005,750ml,La Rioja Alta Gran Reserva 904 125th Anni , La Rioja Alta Gran Reserva 904 125th Anni 2005 (750ML) 
4,2010,750ml,La Rioja Alta Gran Reserva 904 , La Rioja Alta Gran Reserva 904 2010 (750ML) 
1,2007,750ml,La Sirena Cabernet Sauvignon , La Sirena Cabernet Sauvignon 2007 (750ML) 
1,2015,750ml,La Tache Domaine de la Romanee Conti , La Tache Domaine de la Romanee Conti 2015 (750ML) 
11,2003,750ml,La Tour Haut Brion , La Tour Haut Brion 2003 (750ML) 
1,2003,750ml,La Tour Haut Brion , La Tour Haut Brion 2003 (750ML) 
1,1981,5L,Lafite Rothschild , Lafite Rothschild 1981 (5L) 
1,1993,750ml,Lafite Rothschild , Lafite Rothschild 1993 (750ML) 
1,2005,750ml,Lafite Rothschild , Lafite Rothschild 2005 (750ML) 
4,2009,750ml,Lafite Rothschild , Lafite Rothschild 2009 (750ML) 
4,2010,750ml,Lafite Rothschild , Lafite Rothschild 2010 (750ML) 
4,2005,750ml,Lagrange , Lagrange 2005 (96JS) (750ML) 
15,2016,750ml,Laherte Freres Les Grandes Crayeres Blancs De Blancs , Laherte Freres Les Grandes Crayeres Blancs De Blancs 2016 (750ML) 
1,2013,750ml,Lail Vineyards J. Daniel Cuvee Cabernet Sauvignon , Lail Vineyards J. Daniel Cuvee Cabernet Sauvignon 2013 (99+WA) (750ML) 
2,2007,750ml,Langhe Vigna Arborina Altare , Langhe Vigna Arborina Altare 2007 (750ML) 
12,2005,750ml,Larcis Ducasse , Larcis Ducasse 2005 (750ML) 
12,2010,750ml,Larcis Ducasse , Larcis Ducasse 2010 (750ML) 
2,2012,750ml,Larcis Ducasse , Larcis Ducasse 2012 (750ML) 
10,2012,750ml,Larcis Ducasse , Larcis Ducasse 2012 (750ML) 
6,2015,750ml,Larcis Ducasse , Larcis Ducasse 2015 (750ML) 
2,2009,750ml,Larmandier-Bernier Terre de Vertus 1er Cru Brut Nature , Larmandier-Bernier Terre de Vertus 1er Cru Brut Nature 2009 (750ML) 
1,1961,750ml,L'Arrosee , L'Arrosee 1961 (750ML) 
4,1970,750ml,Latour , Latour 1970 (750ML) 
5,1976,1.5L,Latour , Latour 1976 (1.5L) 
1,1990,750ml,Latour , Latour 1990 (750ML) 
1,1993,750ml,Latour , Latour 1993 (750ML) 
2,2000,750ml,Latour , Latour 2000 (750ML) 
2,2003,750ml,Latour , Latour 2003 (750ML) 
2,2004,750ml,Latour , Latour 2004 (750ML) 
1,2005,1.5L,Latour , Latour 2005 (1.5L) 
2,2005,750ml,Latour , Latour 2005 (750ML) 
1,2006,750ml,Latour , Latour 2006 (750ML) 
1,2010,750ml,Latour , Latour 2010 (750ML) 
2,2010,750ml,Latour a Pomerol , Latour a Pomerol 2010 (96JS) (750ML) 
6,2012,750ml,Latricieres Chambertin Faiveley , Latricieres Chambertin Faiveley 2012 (750ML) 
12,NV,750ml,Laurent Perrier Rose NV, Laurent Perrier Rose NV (750ML) 
9,2009,750ml,Le Baron de Brane , Le Baron de Brane 2009 (750ML) 
2,2010,750ml,Le Clarence de Haut Brion , Le Clarence de Haut Brion 2010 (750ML) 
1,2005,750ml,Le Dome , Le Dome 2005 (750ML) 
2,2006,750ml,Le Dome , Le Dome 2006 (750ML) 
12,2008,750ml,Le Dome , Le Dome 2008 (750ML) 
4,2009,750ml,Le Dome , Le Dome 2009 (750ML) 
6,2010,750ml,Le Dome , Le Dome 2010 (750ML) 
5,2010,750ml,Le Dome , Le Dome 2010 (750ML) 
3,2014,750ml,Le Petit Cheval , Le Petit Cheval 2014 (750ML) 
12,2016,750ml,Le Prieure , Le Prieure 2016 (750ML) 
2,1998,750ml,Leoville Barton , Leoville Barton 1998 (750ML) 
12,2003,750ml,Leoville Barton , Leoville Barton 2003 (750ML) 
12,2010,750ml,Leoville Barton , Leoville Barton 2010 (100WE) (750ML) 
7,2010,750ml,Leoville Barton , Leoville Barton 2010 (100WE) (750ML) 
1,2014,1.5L,Leoville Barton , Leoville Barton 2014 (1.5L) 
2,2016,750ml,Leoville Barton , Leoville Barton 2016 (750ML) 
1,1924,750ml,Leoville Las Cases , Leoville Las Cases 1924 (750ML) 
2,1970,1.5L,Leoville Las Cases , Leoville Las Cases 1970 (1.5L) 
1,1982,750ml,Leoville Las Cases , Leoville Las Cases 1982 (750ML) 
3,1986,750ml,Leoville Las Cases , Leoville Las Cases 1986 (750ML) 
1,2000,6L,Leoville Las Cases , Leoville Las Cases 2000 (6L) 
2,2000,750ml,Leoville Las Cases , Leoville Las Cases 2000 (750ML) 
24,2005,750ml,Leoville Las Cases , Leoville Las Cases 2005 (750ML) 
12,2005,750ml,Leoville Las Cases , Leoville Las Cases 2005 (750ML) 
7,2005,750ml,Leoville Las Cases , Leoville Las Cases 2005 (750ML) 
4,2009,750ml,Leoville Las Cases , Leoville Las Cases 2009 (750ML) 
6,2009,750ml,Leoville Las Cases , Leoville Las Cases 2009 (750ML) 
6,2010,750ml,Leoville Las Cases , Leoville Las Cases 2010 (750ML) 
1,2014,1.5L,Leoville Las Cases , Leoville Las Cases 2014 (1.5L) 
7,2009,750ml,Leoville Poyferre , Leoville Poyferre 2009 (750ML) 
4,2009,750ml,Leoville Poyferre , Leoville Poyferre 2009 (750ML) 
5,2010,750ml,Leoville Poyferre , Leoville Poyferre 2010 (750ML) 
3,2010,750ml,Leoville Poyferre , Leoville Poyferre 2010 (750ML) 
1,2005,750ml,Les Forts de Latour , Les Forts de Latour 2005 (750ML) 
2,2010,750ml,Les Forts de Latour , Les Forts de Latour 2010 (750ML) 
7,2009,750ml,Les Gravieres , Les Gravieres 2009 (750ML) 
1,2010,750ml,Les Pagodes de Cos , Les Pagodes de Cos 2010 (750ML) 
6,2005,750ml,L'Evangile , L'Evangile 2005 (750ML) 
6,2005,750ml,L'Evangile , L'Evangile 2005 (750ML) 
4,2009,750ml,L'Evangile , L'Evangile 2009 (99JS) (750ML) 
5,2010,750ml,L'Evangile , L'Evangile 2010 (750ML) 
6,2015,750ml,L'Evangile , L'Evangile 2015 (750ML) 
2,2012,750ml,Lewis Reserve Napa Valley Cabernet Sauvignon , Lewis Reserve Napa Valley Cabernet Sauvignon 2012 (750ML) 
4,2002,750ml,Louis Roederer Cristal , Louis Roederer Cristal 2002 (750ML) 
3,2007,750ml,Louis Roederer Cristal , Louis Roederer Cristal 2007 (750ML) 
14,2007,750ml,Louis Roederer Cristal , Louis Roederer Cristal 2007 (750ML) 
4,2008,750ml,Louis Roederer Cristal , Louis Roederer Cristal 2008 (750ML) 
1,2012,750ml,Louis Roederer Cristal , Louis Roederer Cristal 2012 (750ML) 
1,1999,3L,Louis Roederer Cristal Rose , Louis Roederer Cristal Rose 1999 (3L) 
5,2003,375ml,Lynch Bages , Lynch Bages 2003 (375ML) 
1,2006,750ml,Lynch Bages , Lynch Bages 2006 (750ML) 
2,2009,750ml,Lynch Bages , Lynch Bages 2009 (750ML) 
10,2009,750ml,Lynch Bages , Lynch Bages 2009 (750ML) 
1,2009,6L,Lynch Bages ," Lynch Bages 2009 (97JS, WS#93) (6L) "
12,2010,750ml,Lynch Bages , Lynch Bages 2010 (750ML) 
13,2010,750ml,Lynch Bages , Lynch Bages 2010 (750ML) 
1,2010,750ml,Lynch Bages , Lynch Bages 2010 (750ML) 
6,2014,750ml,Lynch Bages , Lynch Bages 2014 (750ML) 
3,2016,750ml,Lynch Bages , Lynch Bages 2016 (750ML) 
1,2016,750ml,Lynch Bages , Lynch Bages 2016 (750ML) 
1,2001,750ml,Magrez Fombrauge , Magrez Fombrauge 2001 (750ML) 
3,2015,1.5L,Maillet , Maillet 2015 (1.5L) 
1,2015,1.5L,Maillet , Maillet 2015 (1.5L) 
23,2015,750ml,Maillet , Maillet 2015 (750ML) 
4,2015,750ml,Malartic Lagraviere , Malartic Lagraviere 2015 (750ML) 
8,2000,750ml,Malescot St. Exupery , Malescot St. Exupery 2000 (750ML) 
4,2000,750ml,Malescot St. Exupery , Malescot St. Exupery 2000 (750ML) 
11,2005,750ml,Malescot St. Exupery , Malescot St. Exupery 2005 (750ML) 
10,2005,750ml,Malescot St. Exupery , Malescot St. Exupery 2005 (750ML) 
9,2009,750ml,Malescot St. Exupery , Malescot St. Exupery 2009 (750ML) 
1,2010,750ml,Malescot St. Exupery , Malescot St. Exupery 2010 (750ML) 
3,2015,750ml,Malescot St. Exupery , Malescot St. Exupery 2015 (750ML) 
1,2002,750ml,Marcassin Marcassin Vineyard Pinot Noir , Marcassin Marcassin Vineyard Pinot Noir 2002 (750ML) 
1,2005,750ml,Marcassin Marcassin Vineyard Pinot Noir , Marcassin Marcassin Vineyard Pinot Noir 2005 (750ML) 
1,1950,375ml,Margaux , Margaux 1950 (375ML) 
5,1950,750ml,Margaux , Margaux 1950 (750ML) 
9,1982,750ml,Margaux , Margaux 1982 (750ML) 
1,1985,750ml,Margaux , Margaux 1985 (750ML) 
2,1986,750ml,Margaux , Margaux 1986 (750ML) 
1,1988,750ml,Margaux , Margaux 1988 (750ML) 
1,1989,750ml,Margaux , Margaux 1989 (750ML) 
5,1990,750ml,Margaux , Margaux 1990 (750ML) 
2,1995,750ml,Margaux , Margaux 1995 (750ML) 
14,1996,750ml,Margaux , Margaux 1996 (750ML) 
10,2000,750ml,Margaux , Margaux 2000 (750ML) 
19,2005,750ml,Margaux , Margaux 2005 (750ML) 
5,2010,750ml,Margaux , Margaux 2010 (750ML) 
6,2015,750ml,Margaux , Margaux 2015 (750ML) 
2,1986,750ml,Marques de Murrieta Castillo Ygay Blanco Gran Reserva Especial , Marques de Murrieta Castillo Ygay Blanco Gran Reserva Especial 1986 (750ML) 
1,2007,750ml,Mayacamas Cabernet Sauvignon , Mayacamas Cabernet Sauvignon 2007 (750ML) 
2,2004,750ml,Mayacamas Mayacamas Vineyards Mt Veeder Cabernet Sauvignon , Mayacamas Mayacamas Vineyards Mt Veeder Cabernet Sauvignon 2004 (750ML) 
1,2013,750ml,Mayacamas Mayacamas Vineyards Mt Veeder Cabernet Sauvignon , Mayacamas Mayacamas Vineyards Mt Veeder Cabernet Sauvignon 2013 (750ML) 
1,2016,1.5L,Mayacamas Mayacamas Vineyards Mt. Veeder Napa Valley Cabernet Sauvignon , Mayacamas Mayacamas Vineyards Mt. Veeder Napa Valley Cabernet Sauvignon 2016 (1.5L) 
1,2002,750ml,Mazis Chambertin Faiveley , Mazis Chambertin Faiveley 2002 (750ml) 
5,2010,750ml,Mazoyeres Chambertin Vieilles Vignes Perrot-Minot , Mazoyeres Chambertin Vieilles Vignes Perrot-Minot 2010 (750ML) 
1,2001,750ml,Merus Cabernet Sauvignon , Merus Cabernet Sauvignon 2001 (750ML) 
1,2004,6L,Messorio Le Macchiole , Messorio Le Macchiole 2004 (6L) 
2,2009,750ml,Messorio Le Macchiole , Messorio Le Macchiole 2009 (97JS) (750ML) 
1,2010,750ml,Messorio Le Macchiole , Messorio Le Macchiole 2010 (96JS/96AG) (750ML) 
1,2011,750ml,Messorio Le Macchiole , Messorio Le Macchiole 2011 (96AG) (750ML) 
1,2013,750ml,Meursault Clos des Boucheres Domaine Roulot , Meursault Clos des Boucheres Domaine Roulot 2013 (750ML) 
12,2019,750ml,Meursault Goutte d'Or Francois Gaunoux , Meursault Goutte d'Or Francois Gaunoux 2019 (750ML) 
2,2006,750ml,Montagny 1er Cru Maison Leroy , Montagny 1er Cru Maison Leroy 2006 (750ML) 
2,1928,1.5L,Montrose , Montrose 1928 (1.5L) 
2,2005,750ml,Montrose , Montrose 2005 (750ML) 
4,2008,750ml,Montrose , Montrose 2008 (94JS) (750ML) 
3,2009,750ml,Montrose , Montrose 2009 (750ML) 
4,2009,750ml,Montrose , Montrose 2009 (750ML) 
14,2010,750ml,Montrose , Montrose 2010 (750ML) 
29,2010,750ml,Montrose , Montrose 2010 (750ML) 
3,2010,375ml,Montrose , Montrose 2010 (97JS) (375ML) 
4,2012,750ml,Montrose , Montrose 2012 (750ML) 
1,2014,1.5L,Montrose , Montrose 2014 (1.5L) 
2,2016,750ml,Montrose , Montrose 2016 (750ML) 
1,2016,750ml,Morlet Estate St. Helena Cabernet Sauvignon , Morlet Estate St. Helena Cabernet Sauvignon 2016 (750ML) 
1,2012,375ml,Morlet Family Billet Doux Late Harvest White , Morlet Family Billet Doux Late Harvest White 2012 (375ML) 
1,2013,750ml,Morlet Family Coup de Coeur Chardonnay , Morlet Family Coup de Coeur Chardonnay 2013 (750ML) 
2,2014,750ml,Morlet Family Coup de Coeur Chardonnay , Morlet Family Coup de Coeur Chardonnay 2014 (750ML) 
2,2017,750ml,Morlet Family Coup de Coeur Chardonnay , Morlet Family Coup de Coeur Chardonnay 2017 (750ML) 
2,2018,750ml,Morlet Family Coup de Coeur Chardonnay , Morlet Family Coup de Coeur Chardonnay 2018 (750ML) 
1,2012,750ml,Morlet Family Joli Coeur , Morlet Family Joli Coeur 2012 (750ML) 
2,2017,750ml,Morlet Family Joli Coeur , Morlet Family Joli Coeur 2017 (750ML) 
1,2015,750ml,Morlet Family La Proportion Doree , Morlet Family La Proportion Doree 2015 (750ML) 
2,2017,750ml,Morlet Family La Proportion Doree , Morlet Family La Proportion Doree 2017 (750ML) 
2,2018,1.5L,Morlet Family La Proportion Doree , Morlet Family La Proportion Doree 2018 (1.5L) 
1,2018,3L,Morlet Family La Proportion Doree , Morlet Family La Proportion Doree 2018 (3L) 
6,2018,750ml,Morlet Family La Proportion Doree , Morlet Family La Proportion Doree 2018 (750ML) 
2,2019,750ml,Morlet Family La Proportion Doree , Morlet Family La Proportion Doree 2019 (750ML) 
1,2013,750ml,Morlet Family Ma Douce Chardonnay , Morlet Family Ma Douce Chardonnay 2013 (750ML) 
1,2012,1.5L,Morlet Family Vineyards Cabernet Sauvignon Passionnement , Morlet Family Vineyards Cabernet Sauvignon Passionnement 2012 (1.5L) 
1,2013,1.5L,Morlet Family Vineyards Cabernet Sauvignon Passionnement , Morlet Family Vineyards Cabernet Sauvignon Passionnement 2013 (1.5L) 
1,2013,3L,Morlet Family Vineyards Cabernet Sauvignon Passionnement , Morlet Family Vineyards Cabernet Sauvignon Passionnement 2013 (3L) 
1,2012,1.5L,Morlet Family Vineyards Estate Cabernet Sauvignon , Morlet Family Vineyards Estate Cabernet Sauvignon 2012 (1.5L) 
3,2016,750ml,Morlet Family Vineyards Estate Cabernet Sauvignon , Morlet Family Vineyards Estate Cabernet Sauvignon 2016 (750ML) 
2,2016,750ml,Morlet Family Vineyards Force De La Nature Cabernet Franc , Morlet Family Vineyards Force De La Nature Cabernet Franc 2016 (750ML) 
1,2008,3L,Morlet Family Vineyards Passionnement Cabernet Sauvignon , Morlet Family Vineyards Passionnement Cabernet Sauvignon 2008 (3L) 
3,2012,750ml,Morlet Family Vineyards Passionnement Cabernet Sauvignon , Morlet Family Vineyards Passionnement Cabernet Sauvignon 2012 (750ML) 
4,2013,750ml,Morlet Family Vineyards Passionnement Cabernet Sauvignon , Morlet Family Vineyards Passionnement Cabernet Sauvignon 2013 (750ML) 
4,2016,750ml,Morlet Family Vineyards Passionnement Cabernet Sauvignon , Morlet Family Vineyards Passionnement Cabernet Sauvignon 2016 (750ML) 
2,2016,750ml,Morlet Family Vineyards Passionnement Cabernet Sauvignon , Morlet Family Vineyards Passionnement Cabernet Sauvignon 2016 (750ML) 
4,2018,750ml,Morlet Family Vineyards Passionnement Cabernet Sauvignon , Morlet Family Vineyards Passionnement Cabernet Sauvignon 2018 (750ML) 
2,1958,750ml,Mouton Rothschild , Mouton Rothschild 1958 (750ml) 
3,1982,750ml,Mouton Rothschild , Mouton Rothschild 1982 (750ML) 
6,1986,750ml,Mouton Rothschild , Mouton Rothschild 1986 (750ML) 
3,1990,750ml,Mouton Rothschild , Mouton Rothschild 1990 (750ML) 
1,1998,750ml,Mouton Rothschild , Mouton Rothschild 1998 (750ML) 
1,1999,750ml,Mouton Rothschild , Mouton Rothschild 1999 (750ML) 
1,2001,750ml,Mouton Rothschild , Mouton Rothschild 2001 (750ML) 
6,2005,750ml,Mouton Rothschild , Mouton Rothschild 2005 (750ML) 
2,2006,750ml,Mouton Rothschild , Mouton Rothschild 2006 (750ML) 
3,2009,750ml,Mouton Rothschild , Mouton Rothschild 2009 (750ML) 
2,2010,750ml,Mouton Rothschild , Mouton Rothschild 2010 (750ML) 
1,2014,1.5L,Mouton Rothschild , Mouton Rothschild 2014 (1.5L) 
2,2005,750ml,Muga Prado Enea Gran Reserva , Muga Prado Enea Gran Reserva 2005 (95WA) (750ML) 
2,1999,750ml,Mumm Rene Lalou , Mumm Rene Lalou 1999 (750ML) 
2,2012,750ml,Musigny Vieilles Vignes Comte Georges de Vogue , Musigny Vieilles Vignes Comte Georges de Vogue 2012  (750ML) 
2,1999,750ml,Nuits St Georges 1er Cru Domaine de l'Arlot , Nuits St Georges 1er Cru Domaine de l'Arlot 1999 (750ml) 
2,2006,750ml,Nuits St Georges Aux Murgers Sylvain Cathiard , Nuits St Georges Aux Murgers Sylvain Cathiard 2006 (750ML) 
2,2006,750ml,Nuits St Georges Aux Thorey Sylvain Cathiard , Nuits St Georges Aux Thorey Sylvain Cathiard 2006 (750ML) 
6,2012,750ml,Nuits St Georges Boudots Jerome Chezeaux , Nuits St Georges Boudots Jerome Chezeaux 2012 (750ML) 
5,2002,375ml,Nuits St Georges Clos de la Marechale Faiveley , Nuits St Georges Clos de la Marechale Faiveley 2002 (375ML) 
1,2002,375ml,Nuits St Georges Clos de la Marechale Faiveley , Nuits St Georges Clos de la Marechale Faiveley 2002 (375ML) 
2,2011,1.5L,Nuits St Georges Clos de Marechale JF Mugnier , Nuits St Georges Clos de Marechale JF Mugnier 2011 (1.5L) 
4,2013,750ml,Nuits St Georges Clos des Porrets St Georges Henri Gouges , Nuits St Georges Clos des Porrets St Georges Henri Gouges 2013 (750ML) 
4,2004,750ml,Nuits St Georges La Richemone Ultra Perrot-Minot , Nuits St Georges La Richemone Ultra Perrot-Minot 2004 (750ML) 
1,1990,750ml,Nuits St Georges Les Chaignots Robert Chevillon , Nuits St Georges Les Chaignots Robert Chevillon 1990 (750ML) 
6,2005,750ml,Nuits St Georges Les Damodes Vougeraie , Nuits St Georges Les Damodes Vougeraie 2005 (750ML) 
4,2002,750ml,Nuits St Georges Les St Georges Frederic Magnien , Nuits St Georges Les St Georges Frederic Magnien 2002  (750ML) 
1,1988,750ml,Nuits St Georges Les St Georges Robert Chevillon , Nuits St Georges Les St Georges Robert Chevillon 1988 (750ML) 
2,2011,750ml,Nuits St Georges Les St Georges Robert Chevillon , Nuits St Georges Les St Georges Robert Chevillon 2011 (96JG) (750ML) 
4,2015,750ml,Nuits St Georges Les Vaucrains Jean Chauvenet , Nuits St Georges Les Vaucrains Jean Chauvenet 2015 (750ML) 
9,2015,750ml,Nuits St Georges Perrieres Chauvenet , Nuits St Georges Perrieres Chauvenet 2015 (750ML) 
3,2015,750ml,Nuits St Georges Perrieres Chauvenet , Nuits St Georges Perrieres Chauvenet 2015 (750ML) 
1,1988,750ml,Nuits St Georges Robert Chevillon , Nuits St Georges Robert Chevillon 1988 (750ML) 
1,2008,750ml,Nuits St Georges Vieilles Vignes Robert Chevillon , Nuits St Georges Vieilles Vignes Robert Chevillon 2008 (750ML) 
12,2016,750ml,Nuits St GeorgesFaiveley , Nuits St GeorgesFaiveley 2016 (750ML) 
2,2014,750ml,Occidental Bodega Headland Cuvee Elizabeth Pinot Noir , Occidental Bodega Headland Cuvee Elizabeth Pinot Noir 2014 (750ML) 
1,2003,750ml,Opus One , Opus One 2003 (750ML) 
1,2010,750ml,Opus One , Opus One 2010 (97AG) (750ML) 
6,2012,750ml,Oreno Sette Ponti , Oreno Sette Ponti 2012 (97JS) (750ML) 
1,2015,750ml,Oreno Sette Ponti , Oreno Sette Ponti 2015 (750ML) 
1,2015,750ml,Oreno Sette Ponti , Oreno Sette Ponti 2015 (750ML) 
4,2013,750ml,Orin Swift Mercury Head Napa Cabernet Sauvignon , Orin Swift Mercury Head Napa Cabernet Sauvignon 2013 (750ML) 
3,2013,750ml,Orma Tenuta Orma , Orma Tenuta Orma 2013 (98JS)  (750ML) 
1,1997,750ml,Ornellaia , Ornellaia 1997 (750ML) 
1,1997,750ml,Ornellaia , Ornellaia 1997 (750ML) 
4,1997,750ml,Ornellaia , Ornellaia 1997 (750ML) 
2,2008,750ml,Ornellaia , Ornellaia 2008 (750ML) 
5,2009,750ml,Ornellaia , Ornellaia 2009 (750ML) 
24,2012,750ml,Ornellaia , Ornellaia 2012 (97JS) (750ML) 
6,2012,750ml,Ornellaia , Ornellaia 2012 (97JS) (750ML) 
1,2012,750ml,Paleo Le Macchiole , Paleo Le Macchiole 2012 (750ML) 
2,1989,750ml,Palmer , Palmer 1989 (750ML) 
3,2005,750ml,Palmer , Palmer 2005 (750ML) 
4,2005,750ml,Pape Clement , Pape Clement 2005 (750ML) 
12,2005,750ml,Pape Clement , Pape Clement 2005 (750ML) 
4,2010,1.5L,Pape Clement , Pape Clement 2010 (96JS) (1.5L) 
1,2010,1.5L,Pape Clement , Pape Clement 2010 (96JS) (1.5L) 
12,2010,750ml,Pape Clement , Pape Clement 2010 (96JS) (750ML) 
6,2012,750ml,Pape Clement , Pape Clement 2012 (97WA) (750ML) 
4,2006,750ml,Pape Clement Blanc , Pape Clement Blanc 2006 (94JG) (750ML) 
4,2008,750ml,Pauillac de Chateau Latour , Pauillac de Chateau Latour 2008 (750ML) 
12,2010,750ml,Pauillac de Chateau Latour , Pauillac de Chateau Latour 2010 (750ML) 
5,2012,750ml,Pauillac de Chateau Latour , Pauillac de Chateau Latour 2012 (750ML) 
3,2013,750ml,Paul Hobbs Beckstoffer Las Piedras Vineyard Cabernet Sauvignon , Paul Hobbs Beckstoffer Las Piedras Vineyard Cabernet Sauvignon 2013 (750ML) 
1,2013,750ml,Paul Hobbs Beckstoffer Las Piedras Vineyard Cabernet Sauvignon , Paul Hobbs Beckstoffer Las Piedras Vineyard Cabernet Sauvignon 2013 (750ML) 
2,2013,750ml,Paul Hobbs Beckstoffer To-Kalon Vineyard Cabernet Sauvignon , Paul Hobbs Beckstoffer To-Kalon Vineyard Cabernet Sauvignon 2013  (750ML) 
2,2001,750ml,Pavie , Pavie 2001 (750ML) 
3,2005,1.5L,Pavie , Pavie 2005 (1.5L) 
25,2005,750ml,Pavie , Pavie 2005 (750ML) 
6,2005,750ml,Pavie , Pavie 2005 (750ML) 
4,2010,750ml,Pavie , Pavie 2010 (750ML) 
1,2015,750ml,Pavie , Pavie 2015 (750ML) 
2,2016,750ml,Pavie , Pavie 2016 (750ML) 
6,2009,750ml,Pavie Macquin , Pavie Macquin 2009 (750ML) 
4,2016,750ml,Pavie Macquin , Pavie Macquin 2016 (750ML) 
4,2015,750ml,Pavillon Blanc du Chateau Margaux , Pavillon Blanc du Chateau Margaux 2015 (750ML) 
6,2018,750ml,Pavillon Blanc du Chateau Margaux , Pavillon Blanc du Chateau Margaux 2018 (750ML) 
1,2003,750ml,Pavillon Rouge du Chateau Margaux , Pavillon Rouge du Chateau Margaux 2003 (750ML) 
3,2005,750ml,Pavillon Rouge du Chateau Margaux , Pavillon Rouge du Chateau Margaux 2005 (750ML) 
3,2009,750ml,Pavillon Rouge du Chateau Margaux , Pavillon Rouge du Chateau Margaux 2009 (750ML) 
2,2010,750ml,Pavillon Rouge du Chateau Margaux , Pavillon Rouge du Chateau Margaux 2010 (96JS) (750ML) 
2,2010,750ml,Pavillon Rouge du Chateau Margaux , Pavillon Rouge du Chateau Margaux 2010 (96JS) (750ML) 
1,2010,1.5L,Penfolds St. Henri Shiraz , Penfolds St. Henri Shiraz 2010 (98JS) (1.5L) 
4,2010,750ml,Penfolds St. Henri Shiraz Australia , Penfolds St. Henri Shiraz Australia 2010 (98JS) (750ML) 
6,2012,750ml,Penfolds St. Henri Shiraz Australia , Penfolds St. Henri Shiraz Australia 2012 (98JS) (750ML) 
1,2011,750ml,Percarlo San Giusto a Rentennano , Percarlo San Giusto a Rentennano 2011 (750ML) 
1,2006,750ml,Perrier Jouet Belle Epoque , Perrier Jouet Belle Epoque 2006 (750ML) 
1,2005,750ml,Perrier Jouet Belle Epoque Rose , Perrier Jouet Belle Epoque Rose 2005 (750ML) 
1,2004,750ml,Perrier Jouet Fleur de Champagne Rose , Perrier Jouet Fleur de Champagne Rose 2004 (750ML) 
1,2012,750ml,Peter Michael Au Paradis Cabernet Sauvignon , Peter Michael Au Paradis Cabernet Sauvignon 2012 (750ML) 
2,1988,750ml,Petrus , Petrus 1988 (750ML) 
1,1995,750ml,Petrus , Petrus 1995 (750ML) 
1,2001,750ml,Petrus , Petrus 2001 (750ML) 
1,2010,750ml,Petrus , Petrus 2010 (100JS) (750ML) 
1,2014,750ml,Petrus , Petrus 2014 (750ML) 
1,1998,750ml,Pichon Baron , Pichon Baron 1998 (750ML) 
13,2005,750ml,Pichon Baron , Pichon Baron 2005 (750ML) 
2,2009,750ml,Pichon Baron , Pichon Baron 2009 (750ML) 
8,2010,750ml,Pichon Baron , Pichon Baron 2010 (750ML) 
2,2010,750ml,Pichon Baron , Pichon Baron 2010 (750ML) 
1,1982,3L,Pichon Longueville Comtesse de Lalande , Pichon Longueville Comtesse de Lalande 1982 (3L) 
7,1982,750ml,Pichon Longueville Comtesse de Lalande , Pichon Longueville Comtesse de Lalande 1982 (750ML) 
1,1983,750ml,Pichon Longueville Comtesse de Lalande , Pichon Longueville Comtesse de Lalande 1983 (750ML) 
12,1986,750ml,Pichon Longueville Comtesse de Lalande , Pichon Longueville Comtesse de Lalande 1986 (750ML) 
3,1995,750ml,Pichon Longueville Comtesse de Lalande , Pichon Longueville Comtesse de Lalande 1995 (750ML) 
5,2000,750ml,Pichon Longueville Comtesse de Lalande , Pichon Longueville Comtesse de Lalande 2000 (750ML) 
1,2002,750ml,Pichon Longueville Comtesse de Lalande , Pichon Longueville Comtesse de Lalande 2002 (750ML) 
26,2005,750ml,Pichon Longueville Comtesse de Lalande , Pichon Longueville Comtesse de Lalande 2005 (750ML) 
1,2006,1.5L,Pichon Longueville Comtesse de Lalande , Pichon Longueville Comtesse de Lalande 2006 (1.5L) 
1,2009,1.5L,Pichon Longueville Comtesse de Lalande , Pichon Longueville Comtesse de Lalande 2009 (1.5L) 
5,2009,750ml,Pichon Longueville Comtesse de Lalande , Pichon Longueville Comtesse de Lalande 2009 (750ML) 
3,2009,750ml,Pichon Longueville Comtesse de Lalande , Pichon Longueville Comtesse de Lalande 2009 (750ML) 
2,2010,1.5L,Pichon Longueville Comtesse de Lalande , Pichon Longueville Comtesse de Lalande 2010 (1.5L) 
6,2010,750ml,Pichon Longueville Comtesse de Lalande , Pichon Longueville Comtesse de Lalande 2010 (750ML) 
12,2015,750ml,Pichon Longueville Comtesse de Lalande , Pichon Longueville Comtesse de Lalande 2015 (750ML) 
1,2016,6L,Pichon Longueville Comtesse de Lalande , Pichon Longueville Comtesse de Lalande 2016 (6L) 
3,2016,750ml,Pichon Longueville Comtesse de Lalande , Pichon Longueville Comtesse de Lalande 2016 (750ML) 
5,1998,1.5L,Piper Heidsieck Rare , Piper Heidsieck Rare 1998 (1.5L) 
1,1998,1.5L,Piper Heidsieck Rare , Piper Heidsieck Rare 1998 (1.5L) 
6,2002,750ml,Piper Heidsieck Rare , Piper Heidsieck Rare 2002 (750ML) 
6,2008,750ml,Piper Heidsieck Rare , Piper Heidsieck Rare 2008 (750ML) 
3,2008,750ml,Piper Heidsieck Rare , Piper Heidsieck Rare 2008 (750ML) 
6,2008,750ml,Piper Heidsieck Rare Rose , Piper Heidsieck Rare Rose 2008 (750ML) 
2,2009,750ml,Plumpjack Reserve Cabernet Sauvignon , Plumpjack Reserve Cabernet Sauvignon 2009 (750ML) 
1,2006,750ml,Pol Roger Brut , Pol Roger Brut 2006 (750ML) 
1,2004,750ml,Pol Roger Cuvee Sir Winston Churchill , Pol Roger Cuvee Sir Winston Churchill 2004 (750ML) 
2,2008,750ml,Pol Roger Cuvee Sir Winston Churchill , Pol Roger Cuvee Sir Winston Churchill 2008 (750ML) 
1,2006,750ml,Pol Roger Rose , Pol Roger Rose 2006 (750ML) 
6,2010,750ml,Pommard Clos des Epeneaux Comte Armand , Pommard Clos des Epeneaux Comte Armand 2010 (750ML) 
4,2012,750ml,Pommard Combe Dessus Marquis d'Angerville , Pommard Combe Dessus Marquis d'Angerville 2012 (750ML) 
6,2008,750ml,Pommard Grand Clos des Epenots Courcel , Pommard Grand Clos des Epenots Courcel 2008 (750ML) 
2,1983,750ml,Pommard Joseph Drouhin , Pommard Joseph Drouhin 1983 (750ML) 
6,2010,750ml,Pommard Les Chaponnieres Louis Jadot , Pommard Les Chaponnieres Louis Jadot 2010 (750ML) 
12,2015,750ml,Pommard Les Epenots Francois Gaunoux , Pommard Les Epenots Francois Gaunoux 2015 (750ML) 
12,2005,750ml,Pontet Canet , Pontet Canet 2005 (750ML) 
35,2005,750ml,Pontet Canet , Pontet Canet 2005 (750ML) 
1,2008,1.5L,Pontet Canet , Pontet Canet 2008 (1.5L) 
1,2008,750ml,Pontet Canet , Pontet Canet 2008 (750ML) 
28,2009,750ml,Pontet Canet , Pontet Canet 2009 (750ML) 
12,2009,750ml,Pontet Canet , Pontet Canet 2009 (750ML) 
1,2010,750ml,Pontet Canet , Pontet Canet 2010 (750ML) 
39,2010,750ml,Pontet Canet , Pontet Canet 2010 (750ML) 
1,2014,1.5L,Pontet Canet , Pontet Canet 2014 (98JS) (1.5L) 
1,2016,6L,Pontet Canet , Pontet Canet 2016 (6L) 
2,2016,750ml,Pontet Canet , Pontet Canet 2016 (750ML) 
6,2012,750ml,Pouilly Fume Silex Dagueneau , Pouilly Fume Silex Dagueneau 2012 (750ML) 
1,2014,750ml,Puligny Montrachet Vieilles Vignes Vincent Girardin , Puligny Montrachet Vieilles Vignes Vincent Girardin 2014 (750ML) 
1,2018,750ml,Purlieu Beckstoffer To Kalon Cabernet Sauvignon , Purlieu Beckstoffer To Kalon Cabernet Sauvignon 2018 (750ML) 
2,2003,750ml,Quilceda Creek Cabernet Sauvignon , Quilceda Creek Cabernet Sauvignon 2003 (750ML) 
1,2008,750ml,Quilceda Creek Cabernet Sauvignon , Quilceda Creek Cabernet Sauvignon 2008 (750ML) 
2,2005,750ml,Quilceda Creek Columbia Valley Cabernet Sauvignon , Quilceda Creek Columbia Valley Cabernet Sauvignon 2005 (750ML) 
1,2000,750ml,Quinault L`Enclos , Quinault L`Enclos 2000 (750ML) 
1,2007,750ml,Quintessa Rutherford , Quintessa Rutherford 2007 (95WE) (750ML) 
1,1990,750ml,R & L Legras Cuvee St. Vincent , R & L Legras Cuvee St. Vincent 1990 (750ML) 
1,2002,750ml,Ramey Jericho Canyon Napa Valley Red , Ramey Jericho Canyon Napa Valley Red 2002  (750ML) 
1,2001,750ml,Ramey Jericho Canyon Red , Ramey Jericho Canyon Red 2001 (750ml) 
11,2005,750ml,Rauzan Segla , Rauzan Segla 2005 (750ML) 
6,2010,750ml,Rauzan Segla , Rauzan Segla 2010 (750ML) 
2,2010,1.5L,Rauzan Segla , Rauzan Segla 2010 (98JS) (1.5L) 
1,2015,1.5L,Rauzan Segla , Rauzan Segla 2015 (97-98JS) (1.5L) 
1,2013,1.5L,Realm Cellars Beckstoffer Dr. Crane Cabernet Sauvignon , Realm Cellars Beckstoffer Dr. Crane Cabernet Sauvignon 2013 (1.5L) 
2,2013,750ml,Realm Cellars Beckstoffer Dr. Crane Cabernet Sauvignon , Realm Cellars Beckstoffer Dr. Crane Cabernet Sauvignon 2013 (750ML) 
1,2014,750ml,Realm Cellars Beckstoffer To-Kalon Cabernet Sauvignon , Realm Cellars Beckstoffer To-Kalon Cabernet Sauvignon 2014 (750ML) 
2,2013,750ml,Realm Cellars Farella Vineyard , Realm Cellars Farella Vineyard 2013 (750ML) 
1,2014,750ml,Realm Cellars Farella Vineyard , Realm Cellars Farella Vineyard 2014 (750ML) 
1,2014,750ml,Realm Cellars Houyi Vineyard , Realm Cellars Houyi Vineyard 2014 (750ML) 
6,2015,750ml,Realm Cellars Ibid Farella Vineyard Sauvignon Blanc , Realm Cellars Ibid Farella Vineyard Sauvignon Blanc 2015 (750ML) 
1,2014,750ml,Realm Cellars Moonracer Stags Leap District Napa Valley Red , Realm Cellars Moonracer Stags Leap District Napa Valley Red 2014 (750ml) 
1,2019,750ml,Realm Cellars Moonracer Stags Leap District Napa Valley Red , Realm Cellars Moonracer Stags Leap District Napa Valley Red 2019 (750ML) 
2,2013,750ml,Realm Cellars The Absurd , Realm Cellars The Absurd 2013 (750ML) 
1,2010,750ml,Realm Cellars The Bard , Realm Cellars The Bard 2010 (750ML) 
2,2013,750ml,Realm Cellars The Bard , Realm Cellars The Bard 2013 (750ML) 
3,2014,750ml,Realm Cellars The Bard , Realm Cellars The Bard 2014 (750ML) 
2,2019,750ml,Realm Cellars The Bard , Realm Cellars The Bard 2019 (750ML) 
1,2019,750ml,Realm The Tempest Napa Valley Red , Realm The Tempest Napa Valley Red 2019 (750ML) 
2,2000,1.5L,Redigaffi Tua Rita , Redigaffi Tua Rita 2000 (1.5L) 
2,2011,750ml,Redigaffi Tua Rita , Redigaffi Tua Rita 2011 (99JS) (750ML) 
1,2013,1.5L,Redigaffi Tua Rita , Redigaffi Tua Rita 2013 (1.5L) 
3,2015,750ml,Redigaffi Tua Rita , Redigaffi Tua Rita 2015 (750ML) 
3,2015,750ml,Redigaffi Tua Rita , Redigaffi Tua Rita 2015 (750ML) 
6,2015,750ml,Redigaffi Tua Rita , Redigaffi Tua Rita 2015 (750ML) 
2,2007,750ml,Revana Family Cabernet Sauvignon , Revana Family Cabernet Sauvignon 2007 (750ML) 
2,2015,750ml,Riesling Wehlener Sonnenuhr Auslese ***, Riesling Wehlener Sonnenuhr Auslese *** (White Capsule) Molitor 2015 (750ML) 
6,2001,750ml,Rieussec , Rieussec 2001 (750ML) 
5,2014,750ml,Robert Mondavi Winery Reserve Cabernet Sauvignon , Robert Mondavi Winery Reserve Cabernet Sauvignon 2014 (750ML) 
1,2009,750ml,Romanee St Vivant Domaine de l'Arlot , Romanee St Vivant Domaine de l'Arlot 2009 (750ML) 
1,2012,3L,Saffredi Le Pupille , Saffredi Le Pupille 2012 (100JS) (3L) 
12,2012,750ml,Saffredi Le Pupille , Saffredi Le Pupille 2012 (750ML) 
4,2013,750ml,Saffredi Le Pupille , Saffredi Le Pupille 2013 (750ML) 
6,2005,750ml,Saint Pierre , Saint Pierre 2005 (750ML) 
3,2005,750ml,Saint Pierre , Saint Pierre 2005 (750ML) 
4,2009,750ml,Saint Pierre , Saint Pierre 2009 (750ML) 
6,2010,750ml,Saint Pierre , Saint Pierre 2010 (750ML) 
2,2010,750ml,Saint Pierre , Saint Pierre 2010 (750ML) 
6,2018,750ml,Saint-Aubin Blanc En Remilly Domaine de Montille , Saint-Aubin Blanc En Remilly Domaine de Montille 2018 (750ML) 
2,2002,750ml,Salon Blanc de Blancs Le Mesnil , Salon Blanc de Blancs Le Mesnil 2002 (750ML) 
4,2005,750ml,Sammarco Castello dei Rampolla , Sammarco Castello dei Rampolla 2005 (750ML) 
1,1997,750ml,Sassicaia , Sassicaia 1997 (750ML) 
1,1998,750ml,Sassicaia , Sassicaia 1998 (750ML) 
1,2003,750ml,Sassicaia , Sassicaia 2003 (750ML) 
1,2005,750ml,Sassicaia , Sassicaia 2005 (750ML) 
1,2008,750ml,Sassicaia , Sassicaia 2008 (750ML) 
2,2009,750ml,Sassicaia , Sassicaia 2009 (98JS/96WE) (750ML) 
1,2012,1.5L,Sassicaia , Sassicaia 2012 (1.5L) 
6,2012,750ml,Sassicaia , Sassicaia 2012 (99WE) (750ML) 
12,2012,750ml,Sassicaia , Sassicaia 2012 (99WE) (750ML) 
1,2012,750ml,Sassicaia , Sassicaia 2012 (99WE) (750ML) 
1,2007,750ml,Scarecrow Cabernet Sauvignon , Scarecrow Cabernet Sauvignon 2007 (750ML) 
1,2013,750ml,Scarecrow M. Etain Cabernet Sauvignon , Scarecrow M. Etain Cabernet Sauvignon 2013 (750ML) 
1,2014,1.5L,"Schrader ""Old Sparky"" Beckstoffer To Kalon Vineyard Cabernet Sauvignon "," Schrader ""Old Sparky"" Beckstoffer To Kalon Vineyard Cabernet Sauvignon 2014 (1.5L) "
1,2012,1.5L,Schrader “Old Sparky” Beckstoffer To Kalon Vineyard Cabernet Sauvignon , Schrader “Old Sparky” Beckstoffer To Kalon Vineyard Cabernet Sauvignon 2012 (1.5L) 
1,2018,1.5L,Schrader “Old Sparky” Beckstoffer To Kalon Vineyard Cabernet Sauvignon , Schrader “Old Sparky” Beckstoffer To Kalon Vineyard Cabernet Sauvignon 2018 (1.5L) 
1,2012,750ml,Schrader Beckstoffer To Kalon Vineyard Cabernet Sauvignon , Schrader Beckstoffer To Kalon Vineyard Cabernet Sauvignon 2012 (750ML) 
1,2013,750ml,Schrader Beckstoffer To Kalon Vineyard Cabernet Sauvignon , Schrader Beckstoffer To Kalon Vineyard Cabernet Sauvignon 2013 (750ML) 
1,2009,750ml,Schrader CCS Beckstoffer To Kalon Vineyard Cabernet Sauvignon , Schrader CCS Beckstoffer To Kalon Vineyard Cabernet Sauvignon 2009 (750ML) 
3,2012,750ml,Schrader CCS Beckstoffer To Kalon Vineyard Cabernet Sauvignon , Schrader CCS Beckstoffer To Kalon Vineyard Cabernet Sauvignon 2012 (750ML) 
3,2013,750ml,Schrader CCS Beckstoffer To Kalon Vineyard Cabernet Sauvignon , Schrader CCS Beckstoffer To Kalon Vineyard Cabernet Sauvignon 2013 (750ML) 
1,2014,750ml,Schrader CCS Beckstoffer To Kalon Vineyard Cabernet Sauvignon , Schrader CCS Beckstoffer To Kalon Vineyard Cabernet Sauvignon 2014 (750ML) 
1,2012,750ml,Schrader GIII Beckstoffer Georges III Vineyard Cabernet Sauvignon , Schrader GIII Beckstoffer Georges III Vineyard Cabernet Sauvignon 2012 (750ML) 
1,2013,750ml,Schrader GIII Beckstoffer Georges III Vineyard Cabernet Sauvignon , Schrader GIII Beckstoffer Georges III Vineyard Cabernet Sauvignon 2013 (750ML) 
1,2011,750ml,Schrader LPV Beckstoffer Las Piedras Vineyard Cabernet Sauvignon , Schrader LPV Beckstoffer Las Piedras Vineyard Cabernet Sauvignon 2011 (750ML) 
3,2012,750ml,Schrader LPV Beckstoffer Las Piedras Vineyard Cabernet Sauvignon , Schrader LPV Beckstoffer Las Piedras Vineyard Cabernet Sauvignon 2012 (750ML) 
5,2013,750ml,Schrader LPV Beckstoffer Las Piedras Vineyard Cabernet Sauvignon , Schrader LPV Beckstoffer Las Piedras Vineyard Cabernet Sauvignon 2013 (750ML) 
1,2014,750ml,Schrader LPV Beckstoffer Las Piedras Vineyard Cabernet Sauvignon , Schrader LPV Beckstoffer Las Piedras Vineyard Cabernet Sauvignon 2014 (750ML) 
1,2009,750ml,Schrader RBS Beckstoffer To Kalon Vineyard Cabernet Sauvignon , Schrader RBS Beckstoffer To Kalon Vineyard Cabernet Sauvignon 2009 (750ML) 
2,2010,750ml,Schrader RBS Beckstoffer To Kalon Vineyard Cabernet Sauvignon , Schrader RBS Beckstoffer To Kalon Vineyard Cabernet Sauvignon 2010 (750ML) 
1,2011,750ml,Schrader RBS Beckstoffer To Kalon Vineyard Cabernet Sauvignon , Schrader RBS Beckstoffer To Kalon Vineyard Cabernet Sauvignon 2011 (750ML) 
5,2012,750ml,Schrader RBS Beckstoffer To Kalon Vineyard Cabernet Sauvignon , Schrader RBS Beckstoffer To Kalon Vineyard Cabernet Sauvignon 2012 (750ML) 
6,2013,750ml,Schrader RBS Beckstoffer To Kalon Vineyard Cabernet Sauvignon , Schrader RBS Beckstoffer To Kalon Vineyard Cabernet Sauvignon 2013 (750ML) 
2,2014,750ml,Schrader RBS Beckstoffer To Kalon Vineyard Cabernet Sauvignon , Schrader RBS Beckstoffer To Kalon Vineyard Cabernet Sauvignon 2014 (750ML) 
1,2012,750ml,Schrader T6 Beckstoffer To Kalon Vineyard Cabernet Sauvignon , Schrader T6 Beckstoffer To Kalon Vineyard Cabernet Sauvignon 2012 (750ML) 
1,2013,750ml,Schrader T6 Beckstoffer To Kalon Vineyard Cabernet Sauvignon , Schrader T6 Beckstoffer To Kalon Vineyard Cabernet Sauvignon 2013 (750ML) 
1,2014,750ml,Schrader T6 Beckstoffer To Kalon Vineyard Cabernet Sauvignon , Schrader T6 Beckstoffer To Kalon Vineyard Cabernet Sauvignon 2014 (750ML) 
4,2012,750ml,Sena , Sena 2012 (750ML) 
1,2000,750ml,Shafer Vineyards Hillside Select Cabernet Sauvignon , Shafer Vineyards Hillside Select Cabernet Sauvignon 2000 (750ML) 
1,2001,1.5L,Shafer Vineyards Hillside Select Cabernet Sauvignon , Shafer Vineyards Hillside Select Cabernet Sauvignon 2001 (1.5L) 
5,2002,750ml,Shafer Vineyards Hillside Select Cabernet Sauvignon , Shafer Vineyards Hillside Select Cabernet Sauvignon 2002 (750ML) 
1,2005,750ml,Shafer Vineyards Hillside Select Cabernet Sauvignon , Shafer Vineyards Hillside Select Cabernet Sauvignon 2005 (750ML) 
1,2007,750ml,Shafer Vineyards Hillside Select Cabernet Sauvignon , Shafer Vineyards Hillside Select Cabernet Sauvignon 2007 (750ML) 
5,2012,750ml,Siepi Fonterutoli , Siepi Fonterutoli 2012 (750ML) 
3,2013,750ml,Siepi Fonterutoli , Siepi Fonterutoli 2013 (750ML) 
1,1985,750ml,Silver Oak Cellars Alexander Valley Cabernet Sauvignon , Silver Oak Cellars Alexander Valley Cabernet Sauvignon 1985 (750ML) 
1,1999,750ml,Silver Oak Cellars Alexander Valley Cabernet Sauvignon , Silver Oak Cellars Alexander Valley Cabernet Sauvignon 1999 (750ML) 
1,2004,1.5L,Silver Oak Cellars Alexander Valley Cabernet Sauvignon , Silver Oak Cellars Alexander Valley Cabernet Sauvignon 2004 (1.5L) 
1,1990,750ml,Silver Oak Cellars Napa Valley Cabernet Sauvignon , Silver Oak Cellars Napa Valley Cabernet Sauvignon 1990 (750ML) 
1,2001,750ml,Silver Oak Cellars Napa Valley Cabernet Sauvignon , Silver Oak Cellars Napa Valley Cabernet Sauvignon 2001 (750ML) 
1,2007,750ml,Silver Oak Napa Valley Cabernet Sauvignon , Silver Oak Napa Valley Cabernet Sauvignon 2007 (750ML) 
2,2005,750ml,Sloan Asterisk , Sloan Asterisk 2005 (750ML) 
2,2001,750ml,Sloan Proprietary Red , Sloan Proprietary Red 2001 (750ML) 
2,2005,750ml,Sloan Proprietary Red , Sloan Proprietary Red 2005 (750ML) 
11,2006,750ml,Sloan Proprietary Red , Sloan Proprietary Red 2006 (750ML) 
6,2007,750ml,Sloan Proprietary Red , Sloan Proprietary Red 2007 (750ML) 
11,2010,750ml,Smith Haut Lafitte , Smith Haut Lafitte 2010 (750ML) 
6,2010,750ml,Smith Haut Lafitte , Smith Haut Lafitte 2010 (750ML) 
6,2015,750ml,Smith Haut Lafitte , Smith Haut Lafitte 2015 (650th Anniversary Label) (750ML) 
2,2010,750ml,Solaia Antinori , Solaia Antinori 2010 (750ML) 
1,1999,750ml,Sperss Gaja , Sperss Gaja 1999 (750ML) 
2,2013,750ml,Spottswoode Cabernet Sauvignon , Spottswoode Cabernet Sauvignon 2013 (750ML) 
2,2014,750ml,St Joseph Blanc Les Granits Chapoutier , St Joseph Blanc Les Granits Chapoutier 2014 (750ML) 
2,2014,750ml,St Joseph Blanc Les Granits Chapoutier , St Joseph Blanc Les Granits Chapoutier 2014 (750ML) 
2,2012,750ml,Staglin Family Vineyard Cabernet Sauvignon 30th Anniversary , Staglin Family Vineyard Cabernet Sauvignon 30th Anniversary 2012 (750ML) 
1,2009,750ml,Staglin Family Vineyard Rutherford Salus Cabernet Sauvignon , Staglin Family Vineyard Rutherford Salus Cabernet Sauvignon 2009 (750ML) 
1,2009,750ml,Staglin Family Vineyards Estate Cabernet Sauvignon , Staglin Family Vineyards Estate Cabernet Sauvignon 2009  (750ML) 
1,2010,750ml,Staglin Family Vineyards Estate Cabernet Sauvignon , Staglin Family Vineyards Estate Cabernet Sauvignon 2010 (750ML) 
1,2006,750ml,Stewart Nomad Cabernet Sauvignon , Stewart Nomad Cabernet Sauvignon 2006 (750ML) 
1,2007,750ml,Stewart Nomad Cabernet Sauvignon , Stewart Nomad Cabernet Sauvignon 2007 (750ML) 
6,2001,750ml,Suduiraut , Suduiraut 2001 (750ML) 
4,2001,750ml,Suduiraut , Suduiraut 2001 (750ML) 
5,2002,750ml,Taittinger Comtes de Champagne Blanc de Blancs , Taittinger Comtes de Champagne Blanc de Blancs 2002 (750ML) 
2,1952,1.5L,Talbot , Talbot 1952 (1.5L) 
3,2014,750ml,Talbot , Talbot 2014 (750ML) 
4,2008,750ml,Taurasi Radici Riserva Antonio Mastroberardino , Taurasi Radici Riserva Antonio Mastroberardino 2008 (96WA) (750ML) 
1,1970,750ml,Taylor Fladgate , Taylor Fladgate 1970 (750ML) 
4,2000,750ml,Taylor Fladgate , Taylor Fladgate 2000 (750ML) 
1,1961,750ml,Taylor Fladgate Single Harvest Tawny , Taylor Fladgate Single Harvest Tawny 1961 (750ML) 
2,2005,750ml,Tertre Roteboeuf , Tertre Roteboeuf 2005 (750ML) 
2,2015,750ml,Tertre Roteboeuf , Tertre Roteboeuf 2015 (750ML) 
2,2010,1.5L,Testamatta Bibi Graetz , Testamatta Bibi Graetz 2010 (98JS) (1.5L) 
3,2009,750ml,The Vineyardist Diamond Mountain Cabernet Sauvignon , The Vineyardist Diamond Mountain Cabernet Sauvignon 2009 (750ML) 
2,2016,750ml,Torbreck Run Rig , Torbreck Run Rig 2016 (750ML) 
10,2010,750ml,Toscana Monteverro , Toscana Monteverro 2010 (92JS) (750ML) 
12,2010,750ml,Toscana Monteverro , Toscana Monteverro 2010 (92JS) (750ML) 
9,2012,750ml,Toscana Monteverro , Toscana Monteverro 2012 (750ML) 
1,2013,1.5L,Toscana Rosso IGT Vigna dell`Impero Sette Ponti , Toscana Rosso IGT Vigna dell`Impero Sette Ponti 2013 (1.5L) 
1,2000,750ml,Troplong Mondot , Troplong Mondot 2000 (750ML) 
2,2005,750ml,Troplong Mondot , Troplong Mondot 2005 (750ML) 
4,2005,750ml,Troplong Mondot , Troplong Mondot 2005 (750ML) 
2,2009,750ml,Troplong Mondot , Troplong Mondot 2009 (96JS) (750ML) 
1,2009,750ml,Troplong Mondot , Troplong Mondot 2009 (96JS) (750ML) 
3,2009,750ml,Troplong Mondot , Troplong Mondot 2009 (96JS) (750ML) 
5,2010,750ml,Troplong Mondot , Troplong Mondot 2010 (750ML) 
12,2010,750ml,Troplong Mondot , Troplong Mondot 2010 (750ML) 
3,2010,750ml,Troplong Mondot , Troplong Mondot 2010 (750ML) 
1,2010,750ml,Troplong Mondot , Troplong Mondot 2010 (750ML) 
1,2012,750ml,Troplong Mondot , Troplong Mondot 2012 (750ML) 
6,2010,750ml,Trotanoy , Trotanoy 2010 (750ML) 
3,2010,750ml,Trotanoy , Trotanoy 2010 (750ML) 
2,2012,750ml,Trotanoy , Trotanoy 2012 (750ML) 
2,2014,750ml,Trotanoy , Trotanoy 2014 (750ML) 
6,2015,750ml,Trotanoy , Trotanoy 2015 (100JS) (750ML) 
1,2016,750ml,Trotanoy , Trotanoy 2016 (750ML) 
2,2015,750ml,Trottevieille , Trottevieille 2015 (750ML) 
1,2015,750ml,Trottevieille , Trottevieille 2015 (750ML) 
1,NV,750ml,Vega Sicilia Reserva Especial NV, Vega Sicilia Reserva Especial NV (750ML) 
1,2007,750ml,Vega Sicilia Unico , Vega Sicilia Unico 2007 (750ML) 
4,2010,750ml,Vega Sicilia Unico , Vega Sicilia Unico 2010 (750ML) 
1,2001,750ml,Verite La Joie Sonoma County Red , Verite La Joie Sonoma County Red 2001 (750ML) 
1,2013,750ml,Verite La Joie Sonoma County Red , Verite La Joie Sonoma County Red 2013 (100WA) (750ML) 
1,2013,750ml,Verite La Muse Sonoma County Red , Verite La Muse Sonoma County Red 2013 (750ML) 
1,2013,750ml,Verite Le Desir Sonoma County Red , Verite Le Desir Sonoma County Red 2013 (750ML) 
2,2008,750ml,Veuve Clicquot Brut , Veuve Clicquot Brut 2008 (750ML) 
2,2008,750ml,Veuve Clicquot Brut , Veuve Clicquot Brut 2008 (750ML) 
15,2008,750ml,Veuve Clicquot Brut Rose , Veuve Clicquot Brut Rose 2008 (750ML) 
1,1998,750ml,Veuve Clicquot La Grande Dame , Veuve Clicquot La Grande Dame 1998 (750ML) 
2,1995,750ml,Vieux Chateau Certan , Vieux Chateau Certan 1995 (750ML) 
2,1998,750ml,Vieux Chateau Certan , Vieux Chateau Certan 1998 (750ML) 
6,2005,750ml,Vieux Chateau Certan , Vieux Chateau Certan 2005 (750ML) 
1,2008,1.5L,Vieux Chateau Certan , Vieux Chateau Certan 2008 (1.5L) 
8,2010,750ml,Vieux Chateau Certan , Vieux Chateau Certan 2010 (750ML) 
1,2014,1.5L,Vieux Chateau Certan , Vieux Chateau Certan 2014 (1.5L) 
6,2014,750ml,Vieux Chateau Certan , Vieux Chateau Certan 2014 (750ML) 
12,2015,750ml,Vieux Chateau Certan , Vieux Chateau Certan 2015 (750ML) 
4,2016,750ml,Vieux Chateau Certan , Vieux Chateau Certan 2016 (750ML) 
11,2009,750ml,Vieux Chateau Mazerat , Vieux Chateau Mazerat 2009 (750ML) 
7,2010,750ml,Vieux Chateau Mazerat , Vieux Chateau Mazerat 2010 (750ml) 
2,2004,375ml,Vigna Sere Dal Forno Romano , Vigna Sere Dal Forno Romano 2004 (375ML) 
2,2016,750ml,Vin de France Chardonnay Clos Dubreuil , Vin de France Chardonnay Clos Dubreuil 2016 (750ML) 
2,2013,750ml,Vineyard 29 Aida Estate Cabernet Sauvignon , Vineyard 29 Aida Estate Cabernet Sauvignon 2013 (750ML) 
1,2002,750ml,Vineyard 29 Aida Napa Valley Red , Vineyard 29 Aida Napa Valley Red 2002 (750ML) 
6,2011,750ml,Volnay Caillerets Ancienne Cuvee Carnot Bouchard Pere et Fils , Volnay Caillerets Ancienne Cuvee Carnot Bouchard Pere et Fils 2011 (750ML) 
3,2015,750ml,Volnay Caillerets Ancienne Cuvee Carnot Bouchard Pere et Fils , Volnay Caillerets Ancienne Cuvee Carnot Bouchard Pere et Fils 2015 (750ML) 
1,2008,750ml,Volnay Clos de la Bousse d`Or Pousse d`Or , Volnay Clos de la Bousse d`Or Pousse d`Or 2008 (750ML) 
1,2008,750ml,Volnay Clos de la Bousse d`Or Pousse d`Or , Volnay Clos de la Bousse d`Or Pousse d`Or 2008 (750ML) 
1,2009,750ml,Volnay Clos de la Bousse d'Or Pousse d'Or , Volnay Clos de la Bousse d'Or Pousse d'Or 2009 (750ML) 
6,2019,750ml,Volnay Clos des Chenes Bitouzet-Prieur , Volnay Clos des Chenes Bitouzet-Prieur 2019 (750ML) 
1,2011,750ml,Volnay Fremiets Francois Parent , Volnay Fremiets Francois Parent 2011 (750ML) 
1,1988,750ml,Volnay Les Caillerets Clos des 60 Ouvrees Pousse d'Or , Volnay Les Caillerets Clos des 60 Ouvrees Pousse d'Or 1988 (750ML) 
2,1976,750ml,Volnay Santenots Robert Ampeau , Volnay Santenots Robert Ampeau 1976 (750ML) 
12,2012,750ml,Volnay Tailliepieds Bitouzet-Prieur , Volnay Tailliepieds Bitouzet-Prieur 2012 (750ML) 
1,2009,750ml,Vosne Romanee Beaux Monts Jean-Jacques Confuron , Vosne Romanee Beaux Monts Jean-Jacques Confuron 2009 (750ML) 
1,2018,750ml,Vosne Romanee Clos des Reas Michel Gros , Vosne Romanee Clos des Reas Michel Gros 2018 (750ML) 
1,2010,1.5L,Vosne Romanee Les Hautes Maizieres Prieure Roch , Vosne Romanee Les Hautes Maizieres Prieure Roch 2010 (1.5L) 
2,2018,750ml,Vosne Romanee Les Malconsorts Christiane de Montille , Vosne Romanee Les Malconsorts Christiane de Montille 2018 (750ML) 
7,2010,750ml,Vosne Romanee Les Malconsorts Domaine du Clos Frantin Albert Bichot , Vosne Romanee Les Malconsorts Domaine du Clos Frantin Albert Bichot 2010 (750ML) 
11,2012,750ml,Vosne Romanee Les Malconsorts Domaine du Clos Frantin Albert Bichot , Vosne Romanee Les Malconsorts Domaine du Clos Frantin Albert Bichot 2012 (750ML) 
4,2006,750ml,Vosne Romanee Les Malconsorts Sylvain Cathiard , Vosne Romanee Les Malconsorts Sylvain Cathiard 2006 (750ML) 
2,2015,750ml,Vosne Romanee Les Suchots Jean Grivot , Vosne Romanee Les Suchots Jean Grivot 2015 (750ML) 
2,2015,750ml,Vosne Romanee Les Suchots Jerome Chezeaux , Vosne Romanee Les Suchots Jerome Chezeaux 2015 (750ML) 
2,2015,750ml,Vosne Romanee Les Suchots Jerome Chezeaux , Vosne Romanee Les Suchots Jerome Chezeaux 2015 (750ML) 
1,2019,750ml,Vosne Romanee Les Suchots Jerome Chezeaux , Vosne Romanee Les Suchots Jerome Chezeaux 2019 (750ML) 
2,2015,750ml,Vosne Romanee Les Suchots Lamarche , Vosne Romanee Les Suchots Lamarche 2015 (750ML) 
1,2015,750ml,Vosne Romanee Les Suchots Lamarche , Vosne Romanee Les Suchots Lamarche 2015 (750ML) 
1,2015,750ml,Vosne Romanee Les Suchots Lamarche , Vosne Romanee Les Suchots Lamarche 2015 (750ML) 
4,2015,750ml,Vosne Romanee Suchots Bouchard Pere et Fils , Vosne Romanee Suchots Bouchard Pere et Fils 2015 (750ML) 
3,2009,750ml,Vosne Romanee Suchots Louis Jadot , Vosne Romanee Suchots Louis Jadot 2009 (93JG) (750ML) 
1,2010,750ml,Vosne Romanee Suchots Roche de Bellene , Vosne Romanee Suchots Roche de Bellene 2010 (750ML) 
12,2007,750ml,Vougeot Le Clos Blanc de Vougeot Vougeraie , Vougeot Le Clos Blanc de Vougeot Vougeraie 2007 (750ML) 
6,2016,750ml,Vougeot Le Clos Blanc de Vougeot Vougeraie , Vougeot Le Clos Blanc de Vougeot Vougeraie 2016 (750ML) 
6,2017,750ml,Vougeot Le Clos Blanc de Vougeot Vougeraie , Vougeot Le Clos Blanc de Vougeot Vougeraie 2017 (750ML) 
2,1989,750ml,Vouvray Moelleux Le Mont Premier Trie Huet S.A. , Vouvray Moelleux Le Mont Premier Trie Huet S.A. 1989 (750ML) 